rank,gloss,count,n_videos
1,"은혜,은총",18,18
2,인터뷰,12,12
3,아르헨티나,12,12
4,스페인,12,12
5,마리아,12,12
6,"말실수,실언",12,12
7,러시아,12,12
8,-관,12,12
9,"삼,셋",12,12
10,유행,12,12
11,아프리카,12,12
12,설거지,12,12
13,이탈리아,12,12
14,호주,12,12
15,복사,12,12
16,필리핀,12,12
17,이집트,12,12
18,학수고대,12,12
19,소매치기,12,12
20,만,12,12
21,천,12,12
22,독일,12,12
23,"제사,제",12,12
24,"둘,이",12,12
25,"넷,사",12,12
26,몽골,12,12
27,"(시간)시,시간",12,12
28,네덜란드,12,12
29,백,12,12
30,보고서,12,12
31,당사자,12,12
32,중국,12,12
33,경상남도,11,11
34,인도(공화국),11,11
35,"십,열",11,11
36,(총을 쏘는)사수,11,11
37,동해,11,11
38,"보라,보라색",11,11
39,브라질,11,11
40,영국,11,11
41,미국,11,11
42,이스라엘,11,11
43,두통,11,11
44,태국,11,11
45,항복,11,11
46,프랑스,10,10
47,스위스,10,10
48,의리,10,10
49,사격,10,10
50,멕시코,10,10
51,쌓다,9,9
52,씩씩하다,9,9
53,매일,9,9
54,"내키다,싶다,원하다,바라다,소원,바람,욕구,염원,원",9,6
55,폭등,8,5
56,궁색,8,6
57,"넘어가다,서,저물다,지다",7,7
58,"영업,상업",7,7
59,"열둘,십이",7,7
60,양심,7,7
61,"표창,포상",7,6
62,"국가시험,국가 고시",7,5
63,등산,7,7
64,내력,7,5
65,파나마,7,5
66,(맛이)짜다,7,6
67,소주,6,6
68,남대문,6,6
69,대학교,6,6
70,박씨,6,6
71,"선수를 치다,손쓰다,할까봐",6,6
72,"가라앉히다,냉각,가라앉다",6,6
73,검은색,6,6
74,체육관,6,6
75,"위로,위안",6,6
76,예사,6,6
77,일치,6,6
78,"접속,링크,연결",6,6
79,"호모,게이",6,6
80,"만,뿐,다만,단지,오로지,오직,한낱",6,6
81,"간추리다,집약",6,6
82,"미군,미국군",6,6
83,"열다섯,십오",6,6
84,"가지고 다니다,휴대",6,6
85,특수 교육 대상자,6,6
86,상승,6,6
87,계율,6,6
88,공장,6,6
89,돌잔치,6,6
90,만나다,6,6
91,쿠바,6,6
92,도입,6,6
93,"반발,반항,불복,불순종,저항,어기다",6,6
94,영상 메시지,6,6
95,"게우다,구토,토하다",6,6
96,"저축,예금,적금",6,6
97,인공와우,6,6
98,"행복,복",6,6
99,포복절도,6,6
100,방송,6,6
101,보조견,6,6
102,"지하철,전철",6,6
103,남아프리카공화국,6,6
104,뻔하다,6,6
105,떠들다,6,6
106,약하다,6,6
107,"가만있다,멈추다,멎다",6,6
108,"자부심,자부",6,6
109,"잔디,풀",6,6
110,짐바브웨,6,6
111,"발표,광고,표시,표현,나타내다,드러내다",6,6
112,"법,법규,법률,법칙",6,6
113,"수납,보수",6,6
114,"슬프다,슬픔,슬퍼하다,설움",6,6
115,"비닐,플라스틱",6,6
116,침대,6,6
117,연구소,6,6
118,시민,6,6
119,"빼다,깎다,덜다,제하다,배제,감면,빼기,제외,공제,생략,경감",6,6
120,항문,6,6
121,진동,6,6
122,천년,6,6
123,신체적 장애,6,6
124,"다급하다,성급하다,조급하다",6,6
125,자매,6,6
126,"사정,정액",6,6
127,리비아,6,6
128,먹,6,6
129,"이외,기타",6,6
130,"살인,살해",6,6
131,"때리다,손찌검,패다,후려치다",6,6
132,"결핵,폐결핵,폐병",6,6
133,ㅂ,6,6
134,알다,6,6
135,반찬,6,6
136,아찔하다,6,6
137,추월,6,6
138,"리더,지도자",6,6
139,민주,6,6
140,재빠르다,6,6
141,교장,6,6
142,시치미를 떼다,6,6
143,"격파,깨어지다",6,6
144,띵하다,6,6
145,"멀다,멀리",6,6
146,글피,6,6
147,성병,6,6
148,(여자)권사,6,6
149,"학자금,학비,수업료",6,6
150,ㅠ,6,6
151,"길다,오래다,오래",6,6
152,"위험,험하다",6,6
153,"월급쟁이,봉급생활자,샐러리맨",6,6
154,함경북도,6,6
155,독립문,6,6
156,"문의,물음,질문,묻다,물어보다,여쭈다,여쭙다,-ㅂ니까",6,6
157,불법,6,6
158,보내다,6,6
159,"자라다,발육,성숙,성장,장성",6,6
160,로마,6,6
161,지식인,6,6
162,전람,6,6
163,소재,6,6
164,(택배)배달원,6,6
165,"왕,제왕,황제",6,6
166,(남자)권사,6,6
167,"이론,쓰다",6,6
168,회견,6,6
169,조종,6,6
170,"요트,돛",6,6
171,소득,6,6
172,"보물,보석,보화",6,6
173,올림픽,6,6
174,ㅏ,6,6
175,그끄저께,6,6
176,낮잠,6,6
177,뜨개질,6,6
178,"지난주,작주,전주",6,6
179,"엉덩이,궁둥이,볼기,히프",6,6
180,키가 크다,6,6
181,"줄,대열,늘어서다,줄지어 서다,행렬",6,6
182,"이름,명,성명,성함",6,6
183,선수,6,6
184,내려오다,6,6
185,피부,6,6
186,며칠,6,6
187,괴팍하다,6,6
188,"사업,비즈니스",6,6
189,전라남도,6,6
190,시다,6,6
191,"시모,시어머니",6,6
192,"바쁘다,분주하다",6,6
193,중학교,6,6
194,콧물,6,6
195,"고,옛",6,6
196,도살,6,6
197,"긁어먹다,등치다",6,6
198,"망하다,도산,파산,망치다",6,6
199,탑골공원,6,6
200,거인,6,6
201,"불쌍하다,가련하다,가엾다,애처롭다,측은하다",6,6
202,ㅢ,6,6
203,보고,6,6
204,시인,6,6
205,"걸레,행주",6,6
206,등록비,6,6
207,"잘하다,잘",6,6
208,"돕다,거들다,기여,도움,보조,원조,지원,찬조",6,6
209,세리,6,6
210,"자유,임의,마구,마음껏,마음대로,멋대로,제멋대로,함부로",6,6
211,출석부,6,6
212,아깝다,6,6
213,"가난,곤궁,궁핍,빈곤",6,6
214,"탄압,압박,억압",6,6
215,"서로,상호",6,6
216,"자각,독각,연각",6,6
217,"곤충,벌레",6,6
218,농아인,6,6
219,"법원,재판소",6,6
220,"구실,명목,핑계",6,6
221,무의미,6,6
222,칠월,6,6
223,"구공탄,연탄",6,6
224,산악,6,6
225,"날짜,언제",6,6
226,"오너라,오라",6,6
227,삼월,6,6
228,운영,6,6
229,속다,6,6
230,"완장,팔띠",6,6
231,냉장고,6,6
232,과징금,6,6
233,키다리,6,6
234,청자,6,6
235,휴게실,6,6
236,문란,6,6
237,촌장,6,6
238,빵집,6,6
239,문화재,6,6
240,1층,6,6
241,어리다,6,6
242,"관리인,관리자",6,6
243,"근면,열성,열심",6,6
244,처가,6,6
245,비자,6,6
246,"마누라,미시즈,배우자,부인,아내,처",6,6
247,"절반,반",6,6
248,충신,6,6
249,철학,6,6
250,갈망,6,6
251,"농인,농아인",6,6
252,아카시아 꽃,6,6
253,접종,6,6
254,방문자,6,6
255,"신중,경계,조심,주의,준수,지키다",6,6
256,요리사,6,6
257,친지,6,6
258,법정,6,6
259,특수교육,6,6
260,새어머니,6,6
261,수원,6,6
262,입장을 바꾸다,6,6
263,"감정,기분,정서",6,6
264,"이슬람교,회교",6,6
265,세상,6,6
266,두드러지다,6,6
267,마라톤,6,6
268,우상,6,6
269,경마장,6,6
270,세차,6,6
271,닦다,6,6
272,빼버리다,6,6
273,"스물,이십",6,6
274,"거스름돈,잔액",6,6
275,"맞지 않다,적합하지 않다",6,6
276,"갑자기,갑작스럽다,별안간,갑작스레",6,6
277,시각장애인,6,6
278,귀걸이,6,6
279,누룽지,6,6
280,교황,6,6
281,"시아버지,시부",6,6
282,경색,6,6
283,명예,6,6
284,녹화,6,6
285,"본질,본성",6,6
286,어기다,6,6
287,뿌리치다,6,6
288,부처님,6,6
289,제일이다,6,6
290,뼈,6,6
291,여기,6,6
292,주님,6,6
293,리,6,6
294,"기미,눈치",6,6
295,(온도가)내리다,6,6
296,가느다랗다,6,6
297,"곱빼기,배가",6,6
298,왠지,6,6
299,"곱,곱하기,곱하다",6,6
300,"현행범,현행 범인",6,6
301,"주식,증권",6,6
302,매수,6,6
303,떠나갔다,6,6
304,"자립,독립,자주독립",6,6
305,침,6,6
306,"각오,결심,작정",6,6
307,"발군,빼어나다",6,6
308,"괜찮다,무방하다",6,6
309,"붓다,부풀다,부풀리다",6,6
310,"엄숙하다,위엄",6,6
311,이모,6,6
312,"귀여워하다,귀엽다",6,6
313,농구,6,6
314,"십육,열여섯",6,6
315,소동,6,6
316,콩고,6,6
317,아르메니아,6,6
318,합당하다,6,6
319,도서관,6,6
320,"경력,이력",6,6
321,"걱정,근심,상심,시름,염려,우수,괴롭다",6,6
322,"소화기,소방",6,6
323,"기생,더부살이",6,6
324,"심판,재판,사법",6,6
325,"감투,관",6,6
326,윈도즈,6,6
327,"밤색,칡",6,6
328,"수저,숟가락",6,6
329,"벌써,삽시간,어느덧,어느새,어언간,이미",6,6
330,코미디,6,6
331,눈(이 내리다),6,6
332,조작,6,6
333,배탈,6,6
334,뻔뻔하다,6,6
335,"박학,유식",6,6
336,"서대문,돈의문",6,6
337,"외롭다,고독,쓸쓸하다",6,6
338,싱가포르,6,6
339,건전,6,6
340,"횡령,착복",6,6
341,ㅊ,6,6
342,결핵균,6,6
343,종교,6,6
344,성직자,6,6
345,"침착,차분하다",6,6
346,"중학생,중교생,중등생",6,6
347,"여성,부녀,부녀자,여인,여자,계집",6,6
348,사이다,6,6
349,전세,6,6
350,질색,6,6
351,그,6,6
352,"생각,견해,사고,신경,의견,의사,의식,여기다",6,6
353,당하다,6,6
354,초등학생,6,6
355,관공서,6,6
356,"신경질,짜증",6,6
357,"득하다,획득",6,6
358,증조할머니,6,6
359,"참선,선정",6,6
360,"수,운,운명,운수,점,천명",6,6
361,"무능력,무자격",6,6
362,"나이,나잇살,살,연령,연세",6,6
363,"자결,자살,자해",6,6
364,수제비,6,6
365,헬스클럽,6,6
366,"분석,해석",6,6
367,"판정,판결",6,6
368,제작소,6,6
369,기타,6,6
370,"턱,한턱",6,6
371,ㅔ,6,6
372,아득하다,6,6
373,전문가,6,6
374,걷어차다,6,6
375,운동화,6,6
376,소위,6,6
377,미흡,6,6
378,면역,6,6
379,"알,계란,달걀",6,6
380,마비,6,6
381,감기,6,6
382,엿,6,6
383,"대회,회",6,6
384,돌,6,6
385,"기숙사,생활관",6,6
386,말씀,6,6
387,목사,6,6
388,"나무,수목",6,6
389,시월,6,6
390,"손가방,핸드백",6,6
391,유럽 연합,6,6
392,지원자,6,6
393,"비법,비결",6,6
394,인기,6,6
395,"유예,연기,물리다,미루다",6,6
396,차려,6,6
397,"격퇴,물리치다,퇴치",6,6
398,지방 자치 단체,6,6
399,"태자,왕자,황태자",6,6
400,마시다,6,6
401,유권자,6,6
402,"교류,교제,사귀다,사교",6,6
403,"기원,빌다",6,6
404,개천절,6,6
405,"협박,-할 뻔하다",6,6
406,개그맨,6,6
407,취임,6,6
408,"미-,미처,아직",6,6
409,포격,6,6
410,"켜다,켜지다,전깃불",6,6
411,소극적,6,6
412,뜻밖에,6,6
413,대구,6,6
414,촬영,6,6
415,"시작,개시,개최,거행,시발,착수,출발,열다",6,6
416,계승,6,6
417,경제,6,6
418,"지위,앉다",6,6
419,안주,6,6
420,콩가루,6,6
421,구기다,6,6
422,"타결,합의",6,6
423,본인,6,6
424,만화책,6,6
425,"동안,사이",6,6
426,"소수점,점",6,6
427,오세아니아,6,6
428,되다,6,6
429,중장,6,6
430,창원,6,6
431,"맥박,맥",6,6
432,"무섭다,겁,겁나다,두려워하다,두렵다",6,6
433,윷,6,6
434,"결과,결말,마지막,최종,최후,결국,드디어,마침내",6,6
435,(풀을)베다,6,6
436,먼동,6,6
437,복구,6,6
438,"일월,정월",6,6
439,도배,6,6
440,"혼신,온몸",6,6
441,인터넷,6,6
442,한국은행,6,6
443,명소,6,6
444,반대쪽,6,6
445,고속버스,6,6
446,세종,6,6
447,목,6,6
448,"두절,끊어지다",6,6
449,분하다,6,6
450,들이쉬다,6,6
451,가정부,6,6
452,착취,6,6
453,양어장,6,6
454,"귀감,모범,본받다",6,6
455,설계,6,6
456,"-청,지다",6,6
457,알아듣다,6,6
458,일본,6,6
459,"교도소,감옥,형무소",6,6
460,"예순,육십",6,6
461,"거리,길거리,통행",6,6
462,까마귀,6,6
463,기간,6,6
464,"수,자수",6,6
465,"친아버지,생부",6,6
466,"뒤떨어지다,뒤지다",6,6
467,폐,6,6
468,"멋지다,멋",6,6
469,난쟁이,6,6
470,이등,6,6
471,미장,6,6
472,지르다,6,6
473,"단체,그룹,모임,부,부분,부서,서클,회",6,6
474,"대결,대립",6,6
475,"알 수 없다,이해가 안 되다,아리송하다",6,6
476,"예쁘다,곱다",6,6
477,"내외,안팎",6,6
478,아버지,6,6
479,나이지리아,6,6
480,"아니다,아니",6,6
481,동대문,6,6
482,"주사,접종",6,6
483,거처,6,6
484,황해도,6,6
485,동갑,6,6
486,안식처,6,6
487,우크라이나,6,6
488,살찌다,6,6
489,완전하다,6,6
490,구월,6,6
491,맥주,6,6
492,근사하다,6,6
493,허무,6,6
494,실천,6,6
495,떡,6,6
496,조개,6,6
497,"막다,막히다,먹다",6,6
498,도로,6,6
499,계모,6,6
500,"막내아들,막내",6,6
501,당신,6,6
502,ㅆ,6,6
503,"이불,침구,덮다",6,6
504,"좋다,선",6,6
505,"내밀다,떠밀다,밀다",6,6
506,"암흑,깜깜하다,캄캄하다",6,6
507,아이스케이크,6,6
508,"야구,타자",6,6
509,수재민,6,6
510,보조 공학 기기,6,6
511,돌연,6,6
512,환기,6,6
513,베트남,6,6
514,"건강,기력,강건하다,튼튼하다",6,6
515,"매진,고갈,소모,동나다,매진되다,바닥나다,없애다,다 팔리다",6,6
516,취하다,6,6
517,노아,6,6
518,높임법,6,6
519,"거치다,방해,지장",6,6
520,"압수,박탈,추징,낚아채다,빼앗다,잡아채다,파리",6,6
521,ㅐ,6,6
522,"끓다,끓이다,데우다,때다,삶다",6,6
523,"대비,예비",6,6
524,호텔,6,6
525,"전염병,돌림병",6,6
526,"바느질,꿰매다",6,6
527,감금,6,6
528,치료,6,6
529,미수,6,6
530,레슬링,6,6
531,"올해,금년,당년,올",6,6
532,"구십,아흔",6,6
533,"친자,친자식",6,6
534,공무 집행 방해죄,6,6
535,방금,6,6
536,"우수,훌륭하다",6,6
537,빈민,6,6
538,도우미,6,6
539,대법원,6,6
540,특수 교육 지원 센터,6,6
541,"일흔,칠십",6,6
542,"노란색,황색",6,6
543,"도시,도회,시",6,6
544,성품,6,6
545,남색,6,6
546,내리누르다,6,6
547,친밀하다,6,6
548,식장,6,6
549,분,6,6
550,유치원,6,6
551,날씬하다,6,6
552,"수고,노고,품",6,6
553,"지각,지체,늦다,굼뜨다,느리다,더디다,천천하다,서서히",6,6
554,예술가,6,6
555,"광화문,우물",6,6
556,"몸부림,발버둥질",6,6
557,면접,6,6
558,경기장,6,6
559,신,6,6
560,"낮다,비하",6,6
561,추리,6,6
562,"피의자,용의자",6,6
563,취객,6,6
564,성폭력,6,6
565,착하다,6,6
566,"하나,일,한번",6,6
567,스칸디나비아 반도,6,6
568,"도령,총각",6,6
569,"광,창고",6,6
570,"간사하다,속이다",6,6
571,월세,6,6
572,붓글씨,6,6
573,집터,6,6
574,독감,6,6
575,"마지못하다,무릅쓰다,불구하다",6,6
576,윤씨,6,6
577,복지 카드,6,6
578,독도,6,6
579,행정 고시,6,6
580,"왜,어째서",6,6
581,번민,6,6
582,하사,6,6
583,소유자,6,6
584,"희망,소망",6,6
585,"아부,아첨,달래다,맞추다,쓰다듬다,어루만지다,비위맞추다",6,6
586,무역,6,6
587,누명,6,6
588,"멍,멍들다",6,6
589,송아지,6,6
590,메우다,6,6
591,"맨몸,가진 것이 없다",6,6
592,"호랑이,범",6,6
593,"하릴없다,어쩔 수 없다",6,6
594,부회장,6,6
595,말레이시아,6,6
596,흑색,6,6
597,시키다,6,6
598,행운,6,6
599,"근로,근무,노동,일,작업",6,6
600,배우다,6,6
601,각료,6,6
602,"감추다,숨다,은닉",6,6
603,매입,6,6
604,귀신(鬼神)같이 사라지다,6,6
605,에콰도르,6,6
606,"강하다,견고하다,굳다,단단하다,딱딱하다",6,6
607,"별세,타계",6,6
608,매주,6,6
609,"장악,점령,점유,침략,함락",6,6
610,성배,6,6
611,"시도,해보다,보이다",6,6
612,"연수,수련",6,6
613,"소고기,쇠고기,쇠가죽,피혁",6,6
614,"사랑,-애",6,6
615,"불구,장애",6,6
616,호흡 곤란,6,6
617,깊숙이,6,6
618,"마르다,야위다,여위다,수척하다",6,6
619,보관소,6,6
620,승급,6,6
621,새벽,6,6
622,납치,6,6
623,"발생,생성,나다,나오다,돋다,생기다,솟다,트다",6,6
624,자진,6,6
625,반,6,6
626,"전쟁,전투",6,6
627,"담배,흡연",6,6
628,고등학생,6,6
629,아메리카,6,6
630,모세,6,6
631,할복,6,6
632,김,6,6
633,유월,6,6
634,소화,6,6
635,(단위의)등,6,6
636,브래지어,6,6
637,악인,6,6
638,고의,6,6
639,상하다,6,6
640,불고기,6,6
641,"누설,유출",6,6
642,남성,6,6
643,사우나,6,6
644,(한)시,6,6
645,대대로,6,6
646,"갇히다,구류,하지 못하게 하다,지배",6,6
647,"양초,초",6,6
648,피해자,6,6
649,"과목,강좌,교과,학과목",6,6
650,"와,과,하고",6,6
651,"원금,자금,원가",6,6
652,"혼령,심령,영혼,혼",6,6
653,아뢰다,6,6
654,괘씸하다,6,6
655,단짝,6,6
656,"노비,노예,심부름",6,6
657,망신(을 당하다),6,6
658,ㅙ,6,6
659,음력,6,6
660,"살다,삶,생활",6,6
661,무심,6,6
662,공립,6,6
663,고민,6,6
664,애국자,6,6
665,"황금,금",6,6
666,"관철,관통,꿰뚫다,알아맞히다",6,6
667,"열쇠,키",6,6
668,이혼,6,6
669,"식당,음식점",6,6
670,"포옹,품,껴안다,끌어안다,안다,품다",6,6
671,수지,6,6
672,탄로,6,6
673,척추,6,6
674,안되다,6,6
675,된장,6,6
676,"대화,대담",6,6
677,북아메리카,6,6
678,모자(관계),6,6
679,노리다,6,6
680,발전소,6,6
681,잔디밭,6,6
682,서양,6,6
683,"무조건,봐주지 않다,넘어가지 않다",6,6
684,"죽이다,해치다",6,6
685,금메달,6,6
686,터키,6,6
687,감자,6,6
688,배반,6,6
689,주일,6,6
690,"남쪽,남,따뜻하다,포근하다",6,6
691,"(쌀이)떨어지다,(쌀이)바닥나다",6,6
692,은메달,6,6
693,과학,6,6
694,"제기,제기차기",6,6
695,"타인,남",6,6
696,"예수교,기독교",6,6
697,-전,6,6
698,"경치,관람,구경,풍경",6,6
699,뉴질랜드,6,6
700,"체전,운동회",6,6
701,만인,6,6
702,취미,6,6
703,승부차기,6,6
704,제법,6,6
705,"대응,맞추다¹",6,6
706,"기쁨,기쁘다",6,6
707,"닮다,모사,베끼다,본뜨다",6,6
708,"열두시,정오",6,6
709,도미니카,6,6
710,사무,6,6
711,"다르다,상이하다,딴",6,6
712,친권,6,6
713,소멸시효,6,6
714,몸짓,6,6
715,손자,6,6
716,해방,6,6
717,사병,6,6
718,알아서 하다,6,6
719,삼일절,6,6
720,"떨다,떨리다,떨림",6,6
721,"열아홉,십구",6,6
722,"돌다,미치다",6,6
723,첫날,6,6
724,개의,6,6
725,"안녕,안부",6,6
726,"부진,퇴보,퇴화,하강,하락,후퇴",6,6
727,"쥐색,회색",6,6
728,가방,6,6
729,활동 보조인,6,6
730,"타이르다,충고",6,6
731,부정,6,6
732,고등,6,6
733,공범,6,6
734,정부,6,6
735,"사십,마흔",6,6
736,우산,6,6
737,"오다,도래",6,6
738,가수,6,6
739,머리핀,6,6
740,요일,6,6
741,봄,6,6
742,콩나물,6,6
743,놀리다,6,6
744,"작업장,일터",6,6
745,벽,6,6
746,달라다,6,6
747,별,6,6
748,곡괭이,6,6
749,"디자이너,도안자,설계사",6,6
750,"꿇다,무릎(을) 꿇다",6,6
751,"매혹,매력",6,6
752,모르는 척하다,6,6
753,처음,6,6
754,목탁,6,6
755,"대만,타이완",6,6
756,"줄이다,감소,절감,축소,줄다",6,6
757,"도착,당도,닿다,이르다",6,6
758,(비가)내리다,6,6
759,무례,6,6
760,"전기,전자",6,6
761,비밀,6,6
762,열,6,6
763,공장장,6,6
764,고등학교,6,6
765,"그리기,미술,회화,그리다,그림",6,6
766,"생신,생일,생일날",6,6
767,짧다,6,6
768,"선비,학자",6,6
769,"관하다,대하다",6,6
770,"관계없다,막론하다,무관하다,상관없다,상관하지 않다",6,6
771,"점검,감사,감시,감찰,검토,검사,수사,사찰,조사,살펴보다,살피다",6,6
772,"발신,송신,전보,전신",6,6
773,불어,6,6
774,양식,6,6
775,"조절,조정",6,6
776,"것,몫,소유",6,6
777,"달하다,도달",6,6
778,"성폭행,강간",6,6
779,"필기,쓰다,적다,쓰기,저술,서술",6,6
780,(칭호)공주,6,6
781,내몰다,6,6
782,"오후,하오",6,6
783,"영수증,수표",6,6
784,이씨,6,6
785,헌혈,6,6
786,"고프다,시장,굶다,배고프다",6,6
787,나누기,6,6
788,학급,6,6
789,흥분,6,6
790,로그인,6,6
791,과제,6,6
792,경계,6,6
793,"안녕하세요,안녕하십니까,안녕히 가십시오,안녕히 계세요",6,6
794,햇수,6,6
795,형부,6,6
796,"데려가다,안내,인도,인솔,데리다,이끌다",6,6
797,권위,6,6
798,"쌍생아,쌍둥이",6,6
799,돌파,6,6
800,소탕,6,6
801,새해,6,6
802,아파트,6,6
803,오락가락,6,6
804,동남아시아,6,6
805,고구려,6,6
806,집사,6,6
807,"곤두박질,곤두질,떨어지다",6,6
808,무찌르다,6,6
809,"주세요,주십시오",6,6
810,"공무원,공복",6,6
811,"홀아비,홀아버지",6,6
812,"읽다,읽기",6,6
813,"던지다,투수",6,6
814,"백,하양,하얗다,허옇다,희다,백색,흰색,치아,이,이빨",6,6
815,놀이터,6,6
816,유대인,6,6
817,"도장,스탬프",6,6
818,끊어지다,6,6
819,운동장,6,6
820,업무상 과실 치상죄,6,6
821,따돌리다,6,6
822,보관,6,6
823,해약,6,6
824,준장,6,6
825,"토의,토론",6,6
826,"종류,가지,종목,종,다각,다각도",6,6
827,선동자,6,6
828,성인,6,6
829,흙,6,6
830,빨래터,6,6
831,"서운하다,섭섭하다,안타깝다,애석,애타다",6,6
832,ㄷ,6,6
833,"수증기,증기",6,6
834,닭,6,6
835,"휴대전화,핸드폰,휴대폰,휴대전화기",6,6
836,갈색,6,6
837,"생활비,생계비",6,6
838,명인,6,6
839,조합,6,6
840,동맹,6,6
841,"덥다,더위",6,6
842,회개,6,6
843,"근방,가까이,근처,부근,인근",6,6
844,동전,6,6
845,신의주,6,6
846,"선두,앞서다,앞장",6,6
847,"서류,문서",6,6
848,보도,6,6
849,건빵,6,6
850,"증,마크,-증",6,6
851,장군,6,6
852,"칼,나이프",6,6
853,크다,6,6
854,임종,6,6
855,"사관생도,생도",6,6
856,후원,6,6
857,(눈을)감다,6,6
858,자메이카,6,6
859,"악취,나쁜 냄새",6,6
860,연거푸,6,6
861,"기차역,역",6,6
862,연,6,6
863,요리,6,6
864,무궁화,6,6
865,미용,6,6
866,몰아치다,6,6
867,"여동생,누이,누이동생",6,6
868,아까,6,6
869,세계인,6,6
870,"부추기다,부채질",6,6
871,곰,6,6
872,본 적 없다,6,6
873,새,6,6
874,설계사,6,6
875,국,6,6
876,"골몰,전념,집중,골똘하다",6,6
877,자신감,6,6
878,"비유,보기",6,6
879,쿨쿨,6,6
880,"난항,어려워하다,어렵다",6,6
881,콩,6,6
882,농아,6,6
883,칠순,6,6
884,"(물건을)인도, 인도받다",6,6
885,"거행,하다",6,6
886,로스앤젤레스,6,6
887,"그만,끝나다",6,6
888,"부부,내외,부처",6,6
889,기말시험,6,6
890,구두쇠,6,6
891,특허권,6,6
892,기념일,6,6
893,당선자,6,6
894,"국수,면",6,6
895,화장,6,6
896,십이월,6,6
897,멋쟁이,6,6
898,허술하다,6,6
899,신고,6,6
900,"그만하다,일관,여전하다,한결같다,그저,일관성이 있다,전과 똑같다",6,6
901,(신체의)배,6,6
902,안과,6,6
903,"날,해",6,6
904,"결손,손해,손실",6,6
905,"당사자,본인",6,6
906,꽹과리,6,6
907,"나,내,제",6,6
908,고정,6,6
909,추진,6,6
910,"배회,방황,돌아다니다,헤매다",6,6
911,"육,여섯",6,6
912,잔업,6,6
913,"학생,학도",6,6
914,"낙담,낙망,낙심,실망,절망,좌절",6,6
915,"병자,환자",6,6
916,벌,6,6
917,"도맡다,쓰다",6,6
918,"나쁘다,악,못되다,악하다",6,6
919,"날쌔다,민첩하다,빠르다",6,6
920,걸리다,6,6
921,불경,6,6
922,십일월,6,6
923,"확장,넓힘",6,6
924,거제도,6,6
925,"교사,교원,사범,선생,스승,교직자",6,6
926,분홍색,6,6
927,모범생,6,6
928,코를 풀다,6,6
929,양파,6,6
930,"교활,여우",6,6
931,자비,6,6
932,장애인 보조견,6,6
933,장애인 등에 대한 특수 교육법,6,6
934,"훈민정음,한글,한국말",6,6
935,직면,6,6
936,뉴스,6,6
937,갚았다,6,6
938,산수,6,6
939,"갈증,목마르다,목이 타다",6,6
940,딸기,6,6
941,비겁하다,6,6
942,저혈압,6,6
943,"더러,드물다",6,6
944,목욕,6,6
945,섬,6,6
946,들,6,6
947,"어머니,모친,어미,엄마",6,6
948,부아,6,6
949,"대리,대신,대치,대체,전환,바꾸다",6,6
950,체험,6,6
951,(가스불을)켜다,6,6
952,배신(당하다),6,6
953,달아오르다,6,6
954,티셔츠,6,6
955,"도의,예의,에티켓",6,6
956,"멍청하다,생각 없다",6,6
957,"교만,거만,오만,건방지다,잘난 척하다",6,6
958,약자,6,6
959,유지,6,6
960,가나,6,6
961,소액 재판,6,6
962,(열매)밤,6,6
963,떡국,6,6
964,"개월,몇 개월",6,6
965,"귀찮다,불편,성가시다",6,6
966,영웅,6,6
967,"이론,논하다,설",6,6
968,공사장,6,6
969,(벽에 생기는)균열,6,5
970,교육자,6,6
971,소매,6,6
972,개성,6,6
973,기입,6,6
974,"-면,임시,그러면",6,6
975,소환,6,6
976,"쉰,오십",6,6
977,"깜깜하다,소식이 없다",6,6
978,남해,6,6
979,요르단,6,6
980,개나리,6,6
981,"문자,글자",6,6
982,"골머리를 앓다,골치(가) 아프다",6,6
983,절도죄,6,6
984,지렁이,6,6
985,"공항,비행장",6,6
986,노르웨이,6,6
987,혁신,6,6
988,이월,6,6
989,가난뱅이,6,6
990,알바니아,6,6
991,쳐다보다,6,6
992,"사실,정말,진짜,참,맞다,정말로",6,6
993,"이틀,이틀 후",6,6
994,의사소통,6,6
995,벨기에,6,6
996,뻐기다,6,6
997,건조,6,6
998,수류탄,6,6
999,국회의사당,6,6
1000,지식,6,6
1001,있다,6,6
1002,"축구,차다",6,6
1003,"패배,지다,패하다",6,6
1004,"권총,총,당기다,쏘다",6,6
1005,"두근거리다,불안,설레다,울렁거리다,조마조마하다,두근두근",6,6
1006,"충청남도,충남",6,6
1007,"열여덟,십팔",6,6
1008,정찰병,6,6
1009,호랑나비,6,6
1010,복지 시설,6,6
1011,백혈병,6,6
1012,단추,6,6
1013,정신이상,6,6
1014,"꾸다,변통,차용,빌리다",6,6
1015,마카오,6,6
1016,동생,6,6
1017,"가리다,고르다,선별",6,6
1018,"비례,견주다",6,6
1019,큰집,6,6
1020,어울리다,6,6
1021,ㅋ,6,6
1022,밀접하다,6,6
1023,"녹색,초록,초록색",6,6
1024,참기름,6,6
1025,"복수,원수,적",6,6
1026,"뽑다,당선,입선",6,6
1027,"이기다,승리,승리하다,(경쟁 상대를) 제치다",6,6
1028,"낫다,치유",6,6
1029,속도계,6,6
1030,ㅃ,6,6
1031,니카라과,6,6
1032,소풍,6,6
1033,회장,6,6
1034,"개별,각,각각,각기,개개,낱낱이,제각기",6,6
1035,기침,6,6
1036,대학생,6,6
1037,성결,6,6
1038,"배달,배송",6,6
1039,단번에,6,6
1040,성냥,6,6
1041,"당부,부탁,요청,청하다,요구",6,6
1042,"가시,날카롭다,뾰족하다,예리하다,예민하다",6,6
1043,"시집가다,출가",6,6
1044,모기,6,6
1045,기체,6,6
1046,현기증,6,6
1047,육군,6,6
1048,미치다,6,6
1049,명동,6,6
1050,파산자,6,6
1051,패자,6,6
1052,"귀신,마귀,사탄,악마,유령",6,6
1053,기관지,6,6
1054,"병원,의원",6,6
1055,"예,끄덕이다",6,6
1056,된장찌개,6,6
1057,속,6,6
1058,"저자,저작자,지은이,필자",6,6
1059,구청,6,6
1060,"빚,빚지다,부채",6,6
1061,프랑스어,6,6
1062,"화상,영화",6,6
1063,"의심,의회",6,6
1064,분홍,6,6
1065,ㅛ,6,6
1066,"커닝,부정행위",6,6
1067,"장갑차,장갑차량",6,6
1068,"재작년,거거년,전전년,전전해,지지난해,재작년도",6,6
1069,"환전,환금",6,6
1070,"누나,누님",6,6
1071,희롱,6,6
1072,작업복,6,6
1073,무당,6,6
1074,"아래,이하,후배,하류,하",6,6
1075,보수 교육,6,6
1076,코치,6,6
1077,농,6,6
1078,남산,6,6
1079,"하찮다,보잘 것 없다",6,6
1080,"메뉴,차림표",6,6
1081,"에어컨,냉방",6,6
1082,"쌓다,쌓이다",6,6
1083,"남대문,교량,육교,다리",6,6
1084,"길이,장단",6,6
1085,열중쉬어,6,6
1086,"빨강,빨갛다,적자",6,6
1087,바늘,6,6
1088,가로채다,6,6
1089,계급,6,6
1090,이용,6,6
1091,"연말,세밑",6,6
1092,때리다,6,6
1093,탁구,6,6
1094,"방법,요령,방식",6,6
1095,출금,6,6
1096,와인,6,6
1097,월요일,6,6
1098,"테니스,정구",6,6
1099,"씻다,닦다",6,6
1100,원래,6,6
1101,캐나다,6,6
1102,한국 전쟁,6,6
1103,금고,6,6
1104,"기업,회사,사",6,6
1105,강습소,6,6
1106,부채,6,6
1107,리포트,6,6
1108,진노,6,6
1109,빛나다,6,6
1110,개미,6,6
1111,광부,6,6
1112,절름발이,6,6
1113,"성적,염소,점수",6,6
1114,쿠웨이트,6,6
1115,자장면,6,6
1116,무지개,6,6
1117,"간장,장",6,6
1118,끈적끈적,6,6
1119,"화나다,노여움,노엽다,노하다,성나다,성내다,화내다",6,6
1120,보건소,6,6
1121,아일랜드,6,6
1122,"자식,자녀",6,6
1123,권씨,6,6
1124,슬로베니아,6,6
1125,"생도,사관생도,사관,사관생",6,6
1126,"망하다,멸망,붕괴,쇠망,무너지다,부서지다,허물어지다,헐다",6,6
1127,불가리아,6,6
1128,"허다하다,많다,매우 많다",6,6
1129,미미하다,6,6
1130,이따가,6,6
1131,풋사과,6,6
1132,문인,6,6
1133,포르투갈,6,6
1134,"미장공,미장이,미장쟁이",6,6
1135,동시,6,6
1136,"비,강우,비가 내리다",6,6
1137,"호흡,공기,냄새,대기,목숨,생명,수,수명,숨,숨결,숨쉬다",6,6
1138,"가득,차다",6,6
1139,접다,6,6
1140,"신기하다,교묘하다,묘하다,오묘하다,이상",6,6
1141,폴란드,6,6
1142,대추,6,6
1143,논하다,6,6
1144,복직,6,6
1145,보청기,6,6
1146,"말없다,묵묵하다,침묵",6,6
1147,기념식,6,6
1148,메달,6,6
1149,(영어지문자)시,6,6
1150,"그냥,그저",6,6
1151,장애인 기능 경진 대회,6,6
1152,"지루하다,따분하다",6,6
1153,고통,6,6
1154,"절다,절룩거리다,절름거리다",6,6
1155,노약자,6,6
1156,성악가,6,6
1157,세례,6,6
1158,대립,6,6
1159,"절약,검약",6,6
1160,재택근무,6,6
1161,"다스리다,통치",6,6
1162,배부,6,6
1163,서쪽,6,6
1164,"망신,체면을 구기다",6,6
1165,"나중,밖,이후,후",6,6
1166,"착각,착오",6,6
1167,"통역,매개,변호,소개",6,6
1168,버튼,6,6
1169,소라,6,6
1170,사월,6,6
1171,카자흐스탄,6,6
1172,"십구,열아홉",6,6
1173,철면피,6,6
1174,목적지,6,6
1175,동쪽,6,6
1176,"겨루다,겨루기,경쟁,고사,고시,수험,승부,시합,시험",6,6
1177,"그만,끝,까지,종결,종료,끝나다,마치다",6,6
1178,결의,6,6
1179,금강산,6,6
1180,방귀,6,6
1181,수출,6,6
1182,총명,6,6
1183,판사,6,6
1184,"하야,사임",6,6
1185,(공기의)순환,6,6
1186,"얼음,얼음장",6,6
1187,"간첩,스파이,첩자",6,6
1188,"타자수,타이피스트",6,6
1189,한참,6,6
1190,헌법 재판소,6,6
1191,"선택,뽑다,선발,선출,택하다",6,6
1192,"결혼,혼인,화혼",6,6
1193,"가시다,사라지다,상실",6,6
1194,ㄹ 리 없다,6,6
1195,낙하산,6,6
1196,"일곱,칠",6,6
1197,귀,6,6
1198,장애인 복지 시설,6,6
1199,부속,6,6
1200,알아보다,6,6
1201,광복절,6,6
1202,"강냉이,옥수수",6,6
1203,과대,6,6
1204,리투아니아,6,6
1205,문어,6,6
1206,접시,6,6
1207,부여,6,6
1208,번개,6,6
1209,불허,6,6
1210,대비,6,6
1211,최씨,6,6
1212,"그릇,사발",6,6
1213,소금,6,6
1214,은,6,6
1215,케이오,6,6
1216,"독자,외동아들,외아들",6,6
1217,병석,6,6
1218,"기름,숙달,원활,능숙하다,매끄럽다,미끄럽다,순조롭다,자주,빈번히,낯익다",6,6
1219,친교,6,6
1220,함구,6,6
1221,콜롬비아,6,6
1222,"검정,검다,까맣다",6,6
1223,저명인사,6,6
1224,보증금,6,6
1225,수영장,6,6
1226,과학자,6,6
1227,"넣다,담그다",6,6
1228,"국제연합,유엔",6,6
1229,슬그머니,6,6
1230,"집,주택,가옥,세대,호,댁",6,6
1231,제과점,6,6
1232,모욕,6,6
1233,실각,6,6
1234,마음에 들다,6,6
1235,"선언,천명",6,6
1236,묵도,6,6
1237,"겨루다,겨루기,경쟁,고사,고시,수험,시합,시험",6,6
1238,"특히,각별,별,특별,특수",6,6
1239,굴(구멍),6,6
1240,숙소,6,6
1241,옮기다,6,6
1242,차이,6,6
1243,"관중,관객,구경꾼",6,6
1244,중령,6,6
1245,"무사,무고",6,6
1246,북아일랜드,6,6
1247,"날마다,나날,매번,매일,수시,일상,늘,매양,번번이,언제나,항상",6,6
1248,"납부,납입,지급,지불,내다",6,6
1249,"익다,여물다",6,6
1250,석두,6,6
1251,국가,6,6
1252,"넘어지다,쓰러지다",6,6
1253,자각,6,6
1254,준말,6,6
1255,기겁,6,6
1256,실습,6,6
1257,"유별나다,독특,유별스럽다",6,6
1258,스웨덴,6,6
1259,금세,6,6
1260,"감사합니다,감사,고맙다",6,6
1261,루마니아,6,6
1262,"가만히,조용하다",6,6
1263,ㅗ,6,6
1264,청주,6,6
1265,마중,6,6
1266,대위,6,6
1267,자신,6,6
1268,위반,6,6
1269,"보리쌀,보리",6,6
1270,"시합,경기",6,6
1271,"귀중하다,중요,막중하다,소중하다",6,6
1272,"년,해",6,6
1273,"육십,예순",6,6
1274,"어느,무엇,어떤,무슨",6,6
1275,녹차,6,6
1276,"계속,연속,이어,내내,-면서,지속",6,6
1277,"고아원,보육원",6,6
1278,"일본,왜국",6,6
1279,외투,6,6
1280,프린터,6,6
1281,(활을 쏘는)사수,6,6
1282,대명사,6,6
1283,직업교육,6,6
1284,뛰어나다,6,6
1285,카지노,6,6
1286,가짜,6,6
1287,"답답하다,갑갑하다",6,6
1288,봉급생활자,6,6
1289,화산,6,6
1290,편취죄,6,6
1291,"경멸,깔보다,멸시,업신여기다",6,6
1292,ㅍ,6,6
1293,"바다,해양",6,6
1294,"아흔,구십",6,6
1295,관광객,6,6
1296,칠레,6,6
1297,옥탑,6,6
1298,"겨울옷,동복",6,6
1299,"뜨다,동,해돋이",6,6
1300,외상,6,6
1301,낙태,6,6
1302,"강연,연설",6,6
1303,위약,6,6
1304,바티칸시,6,6
1305,(조직의)장,6,6
1306,백점,6,6
1307,"계약,맺다",6,6
1308,복습,6,6
1309,연구실,6,6
1310,듯하다,6,6
1311,"승차권,차표,표",6,6
1312,방문,6,6
1313,"한국어,한국말",6,6
1314,"내일,명일",6,6
1315,"푹,안식,편안,평안,편하다",6,6
1316,하인,6,6
1317,중부 지방,6,6
1318,이란,6,6
1319,계획,6,6
1320,"무식,무지",6,6
1321,케이블카,6,6
1322,사무원,6,6
1323,"미련,어리석다",6,6
1324,시동생,6,6
1325,소름,6,6
1326,기발하다,6,6
1327,"모레,내일모레,이틀,이틀후",6,6
1328,세면장,6,6
1329,대모,6,6
1330,서울역,6,6
1331,답,6,6
1332,고속철도,6,6
1333,"꾸짖다,나무라다,야단치다,가책,구박,꾸중,꾸지람,책망,핍박,힐책",6,6
1334,차,6,6
1335,(음식에 간을)맞추다,6,6
1336,다오,6,6
1337,과장,6,6
1338,"십일,열하나",6,6
1339,"사진기,찍다,카메라",6,6
1340,"박해,짓밟다",6,6
1341,"맡기다,임명",6,6
1342,고모,6,6
1343,휴대 전화기,6,6
1344,초등,6,6
1345,"안심,안전,안정",6,6
1346,카드,6,6
1347,한국수화,6,6
1348,"동결,얼다",6,6
1349,안 보이다,6,6
1350,보지,6,6
1351,수축,6,6
1352,수학,6,6
1353,"부랴부랴,허겁지겁,허둥거리다, 허둥대다",6,6
1354,연애,6,6
1355,이북,6,6
1356,"월경,생리",6,6
1357,"가르치다,교육,교수하다",6,6
1358,"수면,숙박,잠,기숙사,자다",6,6
1359,"단어,낱말",6,6
1360,보았다,6,6
1361,"들키다,발각",6,6
1362,"대출금,대부금",6,6
1363,얻어맞다,6,6
1364,곤란,6,6
1365,"많다,흔하다",6,6
1366,"엑스선,엑스레이",6,6
1367,파란색,6,6
1368,대표,6,6
1369,고무줄,6,6
1370,"들어가다,방문하다,입장",6,6
1371,실업,6,6
1372,"할아버지,조부",6,6
1373,레바논,6,6
1374,"겨레,동포",6,6
1375,"소외,이탈",6,6
1376,십만,6,6
1377,"보수,수리,수선",6,6
1378,"인도,섬부주",6,6
1379,"영원,무궁,길이,불후,영구,영영",6,6
1380,볶다,6,6
1381,파렴치,6,6
1382,관람,6,6
1383,"모금,수금,헌금",6,6
1384,휴게소,6,6
1385,"사탕,알사탕,캔디",6,6
1386,골키퍼,6,6
1387,예수님,6,6
1388,"그릇되다,틀리다",6,6
1389,"뒤따르다,수행,따라가다,따르다,좇다,쫓다,쫓아가다",6,6
1390,"우연,공교롭다",6,6
1391,선전,6,6
1392,대머리,6,6
1393,혈육,6,6
1394,"천국,천당",6,6
1395,"기운,힘",6,6
1396,경건하다,6,6
1397,무한,6,6
1398,횡령죄,6,6
1399,원산,6,6
1400,"이중,중복",6,6
1401,어마어마하다,6,6
1402,처분,6,6
1403,자격,6,6
1404,"마침,딱 맞다,알맞다",6,6
1405,코앞,6,6
1406,우체국,6,6
1407,"곳,위치,장소",6,6
1408,출마,6,6
1409,아들,6,6
1410,"일치,동감,동의",6,6
1411,"감당,사명,책임,담당,소임,역임,맡다,책임지다",6,6
1412,월드컵,6,6
1413,새아버지,6,6
1414,"한국,대한민국",6,6
1415,교육청,6,6
1416,호인,6,6
1417,법무,6,6
1418,북도,6,6
1419,다물다,6,6
1420,보자,6,6
1421,ㅘ,6,6
1422,"자기,스스로,자체,혼자,홀로,자발",6,6
1423,사회,6,6
1424,아시아,6,6
1425,영화관,6,6
1426,호출,6,6
1427,카메룬,6,6
1428,ㅌ,6,6
1429,전도사,6,6
1430,수당,6,6
1431,예언자,6,6
1432,석사,6,6
1433,"사무실,서무실",6,6
1434,주차장,6,6
1435,ㅈ,6,6
1436,절교,6,6
1437,예산안,6,6
1438,이메일,6,6
1439,"여든,팔십",6,6
1440,"준비,장만,채비,마련,차리다,챙기다",6,6
1441,녹두,6,6
1442,자원봉사자,6,6
1443,교실,6,6
1444,"천당,천국",6,6
1445,다람쥐,6,6
1446,"쇼크,충격",6,6
1447,신문,6,6
1448,"무겁다,부담",6,6
1449,낚다,6,6
1450,연사,6,6
1451,"-탕,죽",6,6
1452,골인,6,6
1453,"식탁,밥상,진짓상",6,6
1454,"매음녀,매춘부,창녀",6,6
1455,집행,6,6
1456,허리,6,6
1457,"담당자,책임자",6,6
1458,하자,6,6
1459,제비,6,6
1460,"기상,일어나다,일어서다,서다,독립",6,6
1461,제곱킬로미터,6,6
1462,발전,6,6
1463,가다,6,6
1464,"연락,연결",6,6
1465,회사원,6,6
1466,"피고소인,피고",6,6
1467,울다,6,6
1468,차장,6,6
1469,"중지,끄다",6,6
1470,"계기,동기,말미암다,-자",6,6
1471,개구리,6,6
1472,겉,6,6
1473,건설교통부,6,6
1474,고급,6,6
1475,"임신,회임",6,6
1476,입장,6,6
1477,"독,독하다",6,6
1478,잠꾸러기,6,6
1479,어휘,6,6
1480,(눈이)내리다,6,6
1481,물,6,6
1482,주년,6,6
1483,형제,6,6
1484,"-도,제주,제주도",6,6
1485,"담그다,잠기다",6,6
1486,"재미,흥,흥취,희열,즐기다",6,6
1487,심다,6,6
1488,사령관,6,6
1489,국립,6,6
1490,축복,6,6
1491,과,6,6
1492,무어냐,6,6
1493,오뚝이,6,6
1494,동경,6,6
1495,당구,6,6
1496,ㅅ,6,6
1497,"공직,공무",6,6
1498,공감,6,6
1499,상자,6,6
1500,"영결식,발인",6,6
1501,"우리,저희",6,6
1502,큰형,6,6
1503,(지역)공주,6,6
1504,"변하다,변질,변화,변환,돌아서다",6,6
1505,"낙엽,가랑잎,낙엽이 떨어지다",6,6
1506,전라북도,6,6
1507,쌀밥,6,6
1508,매니큐어,6,6
1509,통역사,6,6
1510,맵시,6,6
1511,빵,6,6
1512,(기온이)오르다,6,6
1513,"구,아홉",6,6
1514,중사,6,6
1515,"값,대금",6,6
1516,수술,6,6
1517,"습득,줍다",6,6
1518,"달다,당분",6,6
1519,"성격,-성,성미,성질,질",6,6
1520,출납,6,6
1521,사립,6,6
1522,"갈비,늑골,갈비뼈",6,6
1523,마스크,6,6
1524,ㅁ,6,6
1525,스코틀랜드,6,6
1526,"술,알코올",6,6
1527,"당연하다,물론",6,6
1528,심심하다,6,6
1529,졸업식,6,6
1530,격일,6,6
1531,무미건조,6,6
1532,"판매원,판매인,세일즈맨",6,6
1533,"웃다,웃음",6,6
1534,중고품,6,6
1535,가야금,6,6
1536,"걷다,걸음,도보,보행",6,6
1537,고릴라,6,6
1538,공격,6,6
1539,"소경,맹인,장님,시각장애인",6,6
1540,"보이다,(현상을)보다",6,6
1541,"덕수궁,경운궁,명례궁",6,6
1542,내구,6,6
1543,반창고,6,6
1544,전폐,6,6
1545,다이아몬드,6,6
1546,"승낙,수락,승인,허가,허락,허용",6,6
1547,바둑,6,6
1548,농담,6,6
1549,"석방,방면",6,6
1550,"홀쭉하다,홀쭉이",6,6
1551,ㅟ,6,6
1552,흐리다,6,6
1553,금리,6,6
1554,잡지,6,6
1555,(사람을)차다,6,6
1556,"열중,몰두",6,6
1557,"연못,못,호수",6,6
1558,ㅕ,6,6
1559,한반도,6,6
1560,"(남자를)유혹, 유혹하다",6,6
1561,"광주,광주시",6,6
1562,페널티킥,6,6
1563,비빔밥,6,6
1564,장애 수당,6,6
1565,(신체기관)장,6,6
1566,"불,불타다",6,6
1567,가치,6,6
1568,계산대,6,6
1569,주간,6,6
1570,"어처구니없다,기막히다,어이없다,억울하다",6,6
1571,"배,선박",6,6
1572,구타,6,6
1573,코,6,6
1574,"반역자,역적",6,6
1575,라디오,6,6
1576,"붙들다,검거,붙잡다,잡다",6,6
1577,시가,6,6
1578,"믿다,믿음,신뢰,신용",6,6
1579,좋다,6,6
1580,"갑자기,냅다,별안간,갑작스럽다",6,6
1581,"친절,대우,접대,서비스,대접",6,6
1582,혹시,6,6
1583,다리다,6,6
1584,"책,도서,서적,책자,펴다",6,6
1585,"외동딸,무남독녀,외딸",6,6
1586,결단,6,6
1587,바로,6,6
1588,앞장서다,6,6
1589,"마음,심리,심정",6,6
1590,송편,6,6
1591,고속도로,6,6
1592,아이고,6,6
1593,이력서,6,6
1594,북한,6,6
1595,"범죄,죄",6,6
1596,"싸우다,격투,싸움,투쟁",6,6
1597,"시장,장,매점",6,6
1598,맥없다,6,6
1599,"더미,무궁무진,무진장,산더미",6,6
1600,"배우,연기자",6,6
1601,"끈기,끈덕지다,끈질기다",6,6
1602,신사,6,6
1603,강원도,6,6
1604,만화가,6,6
1605,연맹,6,6
1606,여행자,6,6
1607,"북녘,북쪽",6,6
1608,빠지다,6,6
1609,"먹다,식사",6,6
1610,"제일,가장,맨,수석",6,6
1611,유교,6,6
1612,"근로자,고용인,노동자,노무자,사원,일꾼,종업원,직원",6,6
1613,용서,6,6
1614,"추석,한가위",6,6
1615,연장자,6,6
1616,"간,간장",6,6
1617,깜박대다,6,6
1618,자정,6,6
1619,"명확하다,정확,똑똑하다,뚜렷하다,명료하다,명백하다,분명하다,선명하다,확실하다,단연",6,6
1620,라면,6,6
1621,순교,6,6
1622,지배인,6,6
1623,신기록,6,6
1624,"구원,구출,구하다,건지다",6,6
1625,송년회,6,6
1626,"힘들다,벅차다,힘겹다",6,6
1627,킬로그램,6,6
1628,한국인,6,6
1629,"놀이,놀다",6,6
1630,신나다,6,6
1631,시리아,6,6
1632,시부모,6,6
1633,"바캉스,피서",6,6
1634,장난,6,6
1635,오리,6,6
1636,짬뽕,6,6
1637,청소년,6,6
1638,"정진,꾸준하다,부지런하다",6,6
1639,"신선하다,새롭다",6,6
1640,대리인,6,6
1641,"줄,대열,늘어서다,줄지어 서다",6,6
1642,"근본,기반,기본,기초,바탕,뿌리",6,6
1643,가볍다,6,6
1644,설악산,6,6
1645,목자,6,6
1646,교육대학교,6,6
1647,후계자,6,6
1648,"골짜기,산골,산골짜기",6,6
1649,기자,6,6
1650,아나운서,6,6
1651,덴마크,6,6
1652,"가담,들어가다,참가,참석,참여,출석,진출",6,6
1653,회의,6,6
1654,명예 훼손,6,6
1655,여러분,6,6
1656,"위하다,-러",6,6
1657,"손,맨손",6,6
1658,공공시설,6,6
1659,골목,6,6
1660,"나체,알몸",6,6
1661,"내부,안,이내,내용",6,6
1662,은행,6,6
1663,공공장소,6,6
1664,가지,6,6
1665,(시작 전)사전,6,6
1666,"집안,가정,일가",6,6
1667,"뒤엎다,뒤집어엎다,그러나,그런데,그렇지만,하지만",6,6
1668,유도,6,6
1669,수레,6,6
1670,첼로,6,6
1671,유치하다,6,6
1672,불행,6,6
1673,"젖다,적시다",6,6
1674,아이슬란드,6,6
1675,발견,6,6
1676,교복,6,6
1677,"천주교,가톨릭",6,6
1678,바깥,6,6
1679,"무용수,무용가",6,6
1680,배다,6,6
1681,혁명,6,6
1682,가동,6,6
1683,"반장,급장",6,6
1684,"고용,채용",6,6
1685,"형형색색,가지각색,각양각색",6,6
1686,오이,6,6
1687,세뇌,6,6
1688,"가장,가구주,주인,호주",6,6
1689,기차역,6,6
1690,찍다,6,6
1691,참고,6,6
1692,"겸손,겸허",6,6
1693,"성,음란",6,6
1694,"비행기,항공,항공기",6,6
1695,"머무르다,존재,체류,계시다,묵다",6,6
1696,어질다,6,6
1697,"십칠,열일곱",6,6
1698,"간혹,가끔,때때로,이따금,종종",6,6
1699,"맹세,맹서",6,6
1700,검도,6,6
1701,도깨비,6,6
1702,(과일)배,6,6
1703,"말다툼,언쟁",6,6
1704,축구장,6,6
1705,문법,6,6
1706,사무소,6,6
1707,명찰,6,6
1708,선수촌,6,6
1709,"잃어버리다,분실,잃다",6,6
1710,베네수엘라,6,6
1711,사무직,6,6
1712,막걸리,6,6
1713,"아가씨,처녀",6,6
1714,"색깔,빛깔,색,색상,색채,컬러",6,6
1715,"공부,학업",6,6
1716,"탑승,오르다,올라서다,올라타다,타다",6,6
1717,"명령,분부",6,6
1718,"잔,컵",6,6
1719,열흘,6,6
1720,체류자,6,6
1721,"뚱뚱이,뚱뚱보",6,6
1722,바닥,6,6
1723,공교롭다,6,6
1724,"자연,천연,저절로",6,6
1725,"노랑,노랗다,누렇다",6,6
1726,비지땀,6,6
1727,외손자,6,6
1728,팔레스타인,6,6
1729,내게,6,6
1730,콜라,6,6
1731,신호등,6,6
1732,야만인,6,6
1733,장롱,6,6
1734,신부,6,6
1735,강당,6,6
1736,"이해,납득",6,6
1737,"개인,사",6,6
1738,잇다,6,6
1739,고려,6,6
1740,비디오,6,6
1741,그대로,6,6
1742,하여금,6,6
1743,과테말라,6,6
1744,"말,말하다,언어",6,6
1745,"공책,노트",6,6
1746,"싫다,싫어하다",6,6
1747,특례,6,6
1748,날다,6,6
1749,"녹음기,녹음,레코드,카세트",6,6
1750,썩 잘하다,6,6
1751,"아니꼽다,역겹다",6,6
1752,물러나다,6,6
1753,킬로미터,6,6
1754,"자랑,뽐내다",6,6
1755,고조할머니,6,6
1756,"스님,승려",6,6
1757,감히,6,6
1758,긍휼,6,6
1759,용도,6,6
1760,이송,6,6
1761,예산,6,6
1762,진급,6,6
1763,잠비아,6,6
1764,"추억,상기,추상,회상",6,6
1765,명사,6,6
1766,"국제,세계",6,6
1767,피난처,6,6
1768,ㅉ,6,6
1769,"실명,맹",6,6
1770,"건립,설립,수립,세우다",6,6
1771,선거,6,6
1772,(신체의)다리,6,6
1773,자막,6,6
1774,형용사,6,6
1775,"문화,문",6,6
1776,"졸업,수료",6,6
1777,인도네시아,6,6
1778,"동요,흔들다",6,6
1779,은신처,6,6
1780,"못생기다,못나다,추하다,밉다",6,6
1781,"심호흡,호흡,공기,냄새,대기,목숨,생명,수,수명,숨,숨결,숨쉬다",6,6
1782,미소,6,6
1783,다단계,6,6
1784,"허리띠,벨트",6,6
1785,농아인의 날,6,6
1786,"승강장,플랫폼",6,6
1787,"기술,재능,재주",6,6
1788,"외아들,독생자",6,6
1789,난동,6,6
1790,(맛이)쓰다,6,6
1791,"동기,동창,동창생",6,6
1792,휩쓸다,6,6
1793,내로라하다,6,6
1794,중앙청,6,6
1795,가을,6,6
1796,병동,6,6
1797,매출액,6,6
1798,"늘이다,늘다,늘리다",6,6
1799,고아,6,6
1800,"휘어잡다,지배",6,6
1801,"금주,술을 끊다",6,6
1802,연필,6,6
1803,승천,6,6
1804,부엌,6,6
1805,(존재가)없다,6,6
1806,흑자,6,6
1807,"아마도,아마,ㄹ 것이다",6,6
1808,"끈,줄,테이프,로프,케이블",6,6
1809,대학,6,6
1810,단지,6,6
1811,서자,6,6
1812,사형,6,6
1813,"비닐하우스,비닐온실",6,6
1814,"노래,음악,가요",6,6
1815,장사,6,6
1816,폭행,6,6
1817,총무,6,6
1818,"개,강아지",6,6
1819,지하,6,6
1820,구간,6,6
1821,총회,6,6
1822,"형편없다,보잘 것 없다",6,6
1823,"사람,인간,분,이,자,-민",6,6
1824,시설,6,6
1825,(자동차에)승차,6,6
1826,튀니지,6,6
1827,"누구,누가,뉘",6,6
1828,"무리,억지로,제재",6,6
1829,"거세다,맹렬하다,진하다,힘차다",6,6
1830,"초문,금시초문",6,6
1831,대전,6,6
1832,이어 내리다,6,6
1833,"남편,배우자,서방",6,6
1834,보호,6,6
1835,교파,6,6
1836,"꺼지다,소등",6,6
1837,"마약,아편,중독,탐닉",6,6
1838,"혈액형,혈액군,혈형",6,6
1839,"마찬가지,같다,동일,맞다,동,똑같다",6,6
1840,"경비,보초,수위,파수,지키다",6,6
1841,교사,6,6
1842,총리,6,6
1843,관용어,6,6
1844,"뒤적이다,들추다,캐다",6,6
1845,동양,6,6
1846,스타일,6,6
1847,비싸다,6,6
1848,목장,6,6
1849,(양복을)맞추다,6,6
1850,(가진 것이)없다,6,6
1851,춘천,6,6
1852,사면,6,6
1853,"불가능,불능",6,6
1854,"보다,시각",6,6
1855,경고,6,6
1856,친척,6,6
1857,땅콩,6,6
1858,베드로,6,6
1859,금연,6,6
1860,"갈등,마찰,거북하다,껄끄럽다",6,6
1861,"가입,등록",6,6
1862,"치아,이",6,6
1863,궁금하다,6,6
1864,"뽀뽀,입맞춤,키스,맞추다",6,6
1865,"신,조물주",6,6
1866,국보,6,6
1867,딱 맞다,6,6
1868,연고,6,6
1869,당뇨병,6,6
1870,미용사,6,6
1871,붕대,6,6
1872,마이크,6,6
1873,학적부,6,6
1874,여름,6,6
1875,외손녀,6,6
1876,뱉다,6,6
1877,"비누,세제",6,6
1878,외인,6,6
1879,"죄송하다,사과,미안하다",6,6
1880,본부,6,6
1881,"정범,주범",6,6
1882,가슴,6,6
1883,"피차,둘이",6,6
1884,잉글랜드,6,6
1885,양장,6,6
1886,기초 생활 보호 대상자,6,6
1887,"삼십,서른",6,6
1888,"칠십,일흔",6,6
1889,"일출,동,아침,(해가)돋다",6,6
1890,"놀다,실업",6,6
1891,소방서,6,6
1892,"전쟁터,전장",6,6
1893,저녁,6,6
1894,휴지,6,6
1895,철부지,6,6
1896,수단,6,6
1897,화요일,6,6
1898,대통령,6,6
1899,"내밀다,무소뿔",6,6
1900,"터뜨리다,폭발,폭파",6,6
1901,룩셈부르크,6,6
1902,"돌려주다,반납,반려,반환,상환",6,6
1903,"운동,스포츠,체육",6,6
1904,예술,6,6
1905,"여성 단체,부녀회",6,6
1906,대학원,6,6
1907,치과의사,6,6
1908,엄하다,6,6
1909,내기,6,6
1910,한국장애인고용촉진공단,6,6
1911,"마술,요술",6,6
1912,우즈베키스탄,6,6
1913,송별연,6,6
1914,"미남,미남자",6,6
1915,동물원,6,6
1916,거미,6,6
1917,강습,6,6
1918,"사용,소비,쓰다",6,6
1919,벌금,6,6
1920,걷히다,6,6
1921,단언,6,6
1922,볼펜,6,6
1923,바람나다,6,6
1924,대인,6,6
1925,"세면,세수,씻다",6,6
1926,"상하다,다치다,부상,상처,손상",6,6
1927,"딸,여식",6,6
1928,"바보,천치",6,6
1929,ㅚ,6,6
1930,찌르다,6,6
1931,홍콩,6,6
1932,"옷,의복,의상",6,6
1933,반짝,6,6
1934,"할머니,조모",6,6
1935,"깨물다,물다",6,6
1936,"광,광선,라이트,빛,조명,비추다,비치다",6,6
1937,익히다,6,6
1938,봉투,6,6
1939,향하다,6,6
1940,대들다,6,6
1941,과거,6,6
1942,"간부,위원",6,6
1943,사냥꾼,6,6
1944,코뿔소,6,6
1945,비정,6,6
1946,"곧다,단정하다,똑바르다,바르다,반듯하다,올바르다,점잖다,똑바르다,올곧다,정하다",6,6
1947,"무게,중량",6,6
1948,"기차,기관차,열차",6,6
1949,아카시아,6,6
1950,"계절,사계,사계절,사철,철",6,6
1951,"입,이론",6,6
1952,"식,축하",6,6
1953,"초대,객,고객,내빈,손님,초빙",6,6
1954,제거,6,6
1955,"시골,촌",6,6
1956,밝히다,6,6
1957,ㅑ,6,6
1958,입사,6,6
1959,충성,6,6
1960,침몰,6,6
1961,"만큼,어치,정도,-쯤",6,6
1962,성공,6,6
1963,새우,6,6
1964,"마찬가지,피장파장",6,6
1965,무치다,6,6
1966,"잔소리,지껄이다",6,6
1967,"인형,꼭두각시",6,6
1968,"십팔,열여덟",6,6
1969,모르다,6,6
1970,엉뚱하다,6,6
1971,드레스,6,6
1972,"또,그리고,다시",6,6
1973,"풀이,세이프,수습,처리,해결,해소,풀다,해내다,조치",6,6
1974,세미나,6,6
1975,"고루고루,유사,근사하다,비슷하다,흡사",6,6
1976,창안,6,6
1977,말을 바꾸다,6,6
1978,문화체육관광부,6,6
1979,로프,6,6
1980,"의자,걸상",6,6
1981,센터,6,6
1982,가마니,6,6
1983,해장국,6,6
1984,"전화,전화기",6,6
1985,"뜨겁다,화끈",6,6
1986,누이,6,6
1987,이야기책,6,6
1988,(바지를)입다,6,6
1989,"그만,금지,그만두다,금하다,말다,하지 마",6,6
1990,역사,6,6
1991,이발,6,6
1992,"어제,어저께,작일",6,6
1993,"금색,황금색,골드색",6,6
1994,자시다,6,6
1995,강요,6,6
1996,제정,6,6
1997,돌출,6,6
1998,"발개지다,붉히다",6,6
1999,아끼다,6,6
2000,"향기롭다,향,향기,향내,향취",6,6
2001,가중,6,6
2002,사신,6,6
2003,"지저귀다,주둥이,부리",6,6
2004,알제리,6,6
2005,높임말,6,6
2006,시비,6,6
2007,"삼,인삼",6,6
2008,"실제,실정,실태,현실",6,6
2009,"오락,레크리에이션",6,6
2010,"복종,순응,순종",6,6
2011,지연,6,6
2012,마주치다,6,6
2013,아이디어,6,6
2014,인성,6,6
2015,"습관,버릇",6,6
2016,분열,6,6
2017,대나무,6,6
2018,환경,6,6
2019,굴(조개),6,6
2020,정책,6,6
2021,"싶다,갈급",6,6
2022,마다,6,6
2023,싸다,6,6
2024,"추위,냉각,북,한랭,차다,춥다",6,6
2025,"계산,수,셈,세다¹,헤아리다",6,6
2026,고조할아버지,6,6
2027,"기계,장치",6,6
2028,지리멸렬,6,6
2029,지방,6,6
2030,"시댁,시집",6,6
2031,고추장,6,6
2032,선서,6,6
2033,"공문,공문서",6,6
2034,백조,6,6
2035,지름길,6,6
2036,어지럽다,6,6
2037,먹구름,6,6
2038,대한민국,6,6
2039,"통보,알리다",6,6
2040,"개울,시내,산천",6,6
2041,아무나,6,6
2042,보약,6,6
2043,장애 아동 수당,6,6
2044,"불합격,낙제,지다",6,6
2045,"남자,남,남성,사나이",6,6
2046,"결백,깔끔하다,깨끗하다,말끔하다,산뜻하다,소박하다,순결,순수,정결,청결",6,6
2047,검문소,6,6
2048,어깨,6,6
2049,미얀마,6,6
2050,센티미터,6,6
2051,밑지다,6,6
2052,ㅡ,6,6
2053,"망각,잊다,잊어버리다",6,6
2054,건축가,6,6
2055,구매자,6,6
2056,"빗자루,비,쓸다",6,6
2057,"사관,장교",6,6
2058,"정치인,정치가",6,6
2059,진흙,6,6
2060,돈벌이,6,6
2061,"보내다,파견",6,6
2062,-광,6,6
2063,"쉽다,용이하다,쉽사리",6,6
2064,다니다,6,6
2065,상식,6,6
2066,경찰관,6,6
2067,받아라,6,6
2068,우간다,6,6
2069,소,6,6
2070,"오랜만,오래간만,오랫동안,오랜,모처럼",6,6
2071,팔도,6,6
2072,꼬다,6,6
2073,"멀미,메스껍다",6,6
2074,"인천,인천시",6,6
2075,연구,6,6
2076,모로코,6,6
2077,"봉사,공양,기증,제출,드리다,바치다",6,6
2078,관리비,6,6
2079,크리스마스,6,6
2080,공중,6,6
2081,"밀리미터,밀리",6,6
2082,"가루,분말",6,6
2083,간음,6,6
2084,보름,6,6
2085,"요즘,요사이,요새,요즈음,최근",6,6
2086,"어떻게,어찌",6,6
2087,"감싸다,둘러싸다,에워싸다",6,6
2088,레즈비언,6,6
2089,"진단,진료,진찰,검진",6,6
2090,"공박,문초,심문,추궁,캐어묻다",6,6
2091,쌀,6,6
2092,첩,6,6
2093,"급행,고속",6,6
2094,출발점,6,6
2095,"뒤쪽,뒷머리",6,6
2096,예,6,6
2097,"구급차,응급차,앰뷸런스",6,6
2098,화장대,6,6
2099,"구역,지역,구",6,6
2100,납품,6,6
2101,자격증,6,6
2102,소령,6,6
2103,"나서다,선두,앞서다,앞장,앞장서다",6,6
2104,"미래,다음,앞날,장래,장차,향후",6,6
2105,"오늘,금일,이번",6,6
2106,미숙하다,6,6
2107,계,6,6
2108,국유,6,6
2109,"백지,용지,종이",6,6
2110,꾀다,6,6
2111,"넘어가다,대충,무성의하다",6,6
2112,"기사,기술사,기술자",6,6
2113,말리다,6,6
2114,깨다,6,6
2115,의,6,6
2116,영하,6,6
2117,성도,6,6
2118,"싫다,거부,거절,난색",6,6
2119,ㄲ,6,6
2120,"당연하다,마땅하다",6,6
2121,고무신,6,6
2122,"(나체의)맨몸,나체,알몸",6,6
2123,"신청,주문",6,6
2124,반성,6,6
2125,"뚱뚱하다,비대,살찌다",6,6
2126,"분필,백묵",6,6
2127,"운전,핸들",6,6
2128,"미녀,미인",6,6
2129,"구입,쇼핑,매수,사다",6,6
2130,서점,6,6
2131,의사,6,6
2132,(불가능)없다,6,6
2133,검진,6,6
2134,오스트리아,6,6
2135,원피스,6,6
2136,교차점,6,6
2137,"글월,문,문구,문장",6,6
2138,탄자니아,6,6
2139,"간단하다,간략하다,간편하다,단순,편리,편의",6,6
2140,ㅓ,6,6
2141,"수분,습하다",6,6
2142,아랫사람,6,6
2143,"갈다,바꾸다,교대,교체,변경,변동",6,6
2144,"기차표,열차표",6,6
2145,위선자,6,6
2146,"금융,은행",6,6
2147,"예전,옛날,옛적",6,6
2148,"내복,내의,속옷",6,6
2149,"섬기다,존경,-님",6,6
2150,"과거,지나다",6,6
2151,"시위,데모",6,6
2152,"상류,선배,위,이상",6,6
2153,그만하다,6,6
2154,약,6,6
2155,"영향,끼치다,파급",6,6
2156,"넘어오다,치밀다",6,6
2157,"적색,붉은색,빨간색",6,6
2158,박,6,6
2159,ㄴ,6,6
2160,협동,6,6
2161,잠자코,6,6
2162,회원,6,6
2163,"-ㅂ니다,-습니다",6,6
2164,"쉬다,휴가,휴게,휴식,휴양",6,6
2165,곰보,6,6
2166,변명,6,6
2167,ㅇ,6,6
2168,온천,6,6
2169,작위,6,6
2170,케냐,6,6
2171,김치,6,6
2172,런던,6,6
2173,한글날,6,6
2174,"건설,건축",6,6
2175,"거짓,허위",6,6
2176,아르바이트,6,6
2177,"라이벌,맞수",6,6
2178,푼,6,6
2179,석탄,6,6
2180,항공사,6,6
2181,"시간,한 시간",6,6
2182,징그럽다,6,6
2183,"성교,성행위",6,6
2184,기념,6,6
2185,철학자,6,6
2186,만화,6,6
2187,"열다,개방",6,6
2188,축사,6,6
2189,바르다,6,6
2190,메기,6,6
2191,사우디아라비아,6,6
2192,건청,6,6
2193,주어,6,6
2194,기적,6,6
2195,"돌아서다,갈다,교체하다,대체하다",6,6
2196,"아빠,부,부친,아비,아버지",6,6
2197,복부,6,6
2198,"미용원,미장원",6,6
2199,단속,6,6
2200,"더럽다,때,불결,지저분하다",6,6
2201,집행관,6,6
2202,"일주일,이레",6,6
2203,"성스럽다,거룩하다",6,6
2204,"삯,품삯,수고비,수수료",6,6
2205,"기록,기술",6,6
2206,버섯,6,6
2207,수거,6,6
2208,졸업장,6,6
2209,"깨,세부,정밀,상세하다,세밀하다,자세하다,찬찬하다,치밀하다,샅샅이,꼼꼼",6,6
2210,천하다,6,6
2211,"소방수,소방원",6,6
2212,고구마,6,6
2213,혈기,6,6
2214,"간섭,참견,파헤치다,헤치다",6,6
2215,교수,6,6
2216,"화가,화백",6,6
2217,(관직)관리,6,6
2218,맹학교,6,6
2219,"관대하다,너그럽다",6,6
2220,조립,6,6
2221,"개막식,개식",6,6
2222,성희롱,6,6
2223,"월,달",6,6
2224,"이륙,출국",6,6
2225,방글라데시,6,6
2226,미리,6,6
2227,서해,6,6
2228,"절,참배,큰절",6,6
2229,대회,6,6
2230,경기도,6,6
2231,등대,6,6
2232,"망설이다,주저,머무적거리다,머뭇거리다,서슴다",6,6
2233,"당나귀,나귀",6,6
2234,"일자리,일터,직장",6,6
2235,"조종사,비행사",6,6
2236,"샘,샘내다,시기,질투",6,6
2237,"비교,견주다,대조",6,6
2238,배신(하다),6,6
2239,"수뢰,뇌물을 받다",6,6
2240,"승강기,엘리베이터",6,6
2241,시아주버니,6,6
2242,"반복,거듭,수시로,자꾸,자주,잦다",6,6
2243,전씨,6,6
2244,"(모자를)쓰다,모자(를 쓰다)",6,6
2245,세로,6,6
2246,체코,6,6
2247,"별로,그다지",6,6
2248,일시불,6,6
2249,묘사,6,6
2250,여성가족부,6,6
2251,"고기,가죽,살",6,6
2252,"일석이조,일거양득,이중,중복",6,6
2253,불화,6,6
2254,늘어나다,6,6
2255,마저,6,6
2256,구인,6,6
2257,"보따리,짐,자루",6,6
2258,동사무소,6,6
2259,주부,6,6
2260,문제,6,6
2261,"맏딸,장녀,큰딸",6,6
2262,주차,6,6
2263,"술집,주점",6,6
2264,"광영,영광",6,6
2265,거두다,6,6
2266,"입학,취학",6,6
2267,"개안,깨닫다",6,6
2268,"자전거,사이클",6,6
2269,건청인,6,6
2270,충치,6,6
2271,"탁자,테이블",6,6
2272,"질병,병,병환,질환,앓다",6,6
2273,"복장,입다",6,6
2274,"게양,달다",6,6
2275,복사기,6,6
2276,대항하다,6,6
2277,"재해,피해,해",6,6
2278,고춧가루,6,6
2279,젖,6,6
2280,박사,6,6
2281,"하루,온종일,종일",6,6
2282,"상여금,보너스",6,6
2283,"회장,사장",6,6
2284,"된소리,경음",6,6
2285,뿌리다,6,6
2286,두려움,6,6
2287,풀려나다,6,6
2288,감,6,6
2289,"경과,흐르다",6,6
2290,병원,6,6
2291,열망,6,6
2292,세월,6,6
2293,다이빙,6,6
2294,지부,6,6
2295,병가,6,6
2296,"조명,판단",6,6
2297,낙오,6,6
2298,"깨다,깨뜨리다,파괴,파손",6,6
2299,"맡기다,소장,놓다,놓아두다,두다",6,6
2300,공인중개사,6,6
2301,증명서,6,6
2302,"귀국,착륙,내려앉다",6,6
2303,"젊은이,청년",6,6
2304,실패,6,6
2305,꽃집,6,6
2306,"국민,백성",6,6
2307,맏며느리,6,6
2308,한의원,6,6
2309,중위,6,6
2310,"나침반,나침반",6,6
2311,"당기다,활,쏘다",6,6
2312,"가느다랗다,가냘프다,가늘다",6,6
2313,맞선,6,6
2314,기도,6,6
2315,"묵직하다,무겁다",6,6
2316,열광,6,6
2317,코스타리카,6,6
2318,견인,6,6
2319,"돌보다,보살피다,보살핌",6,6
2320,피아노,6,6
2321,불필요,6,6
2322,버스,6,6
2323,"낮,대낮,백주,밝다,새다,트다,환하다,훤하다",6,6
2324,썰매,6,6
2325,벗다,6,6
2326,남,6,6
2327,"내몰다,배척,추방,내쫓다,쫓아내다",6,6
2328,ㅝ,6,6
2329,설명,6,6
2330,"주무시다,자다,잠들다,잠자다",6,6
2331,"눈길,시선,바라보다,응시하다,쳐다보다",6,6
2332,"욕심,탐",6,6
2333,"장모,장모님",6,6
2334,"여덟,팔",6,6
2335,"실격,떨어지다",6,6
2336,볼링,6,6
2337,이단,6,6
2338,취소권,6,6
2339,사육사,6,6
2340,결석,6,6
2341,낚시터,6,6
2342,"경비원,파수꾼",6,6
2343,"절정,정상",6,6
2344,스리랑카,6,6
2345,"현혹,사로잡히다",6,6
2346,주교,6,6
2347,토요일,6,6
2348,"부장,대장",6,6
2349,꿀벌,6,6
2350,협회,6,6
2351,"이야기,강의,설교",6,6
2352,"합치다,집합,합,모으다,모이다,합하다",6,6
2353,골프,6,6
2354,뛰다,6,6
2355,"그저께,그제",6,6
2356,"유익,이익,이득,이롭다",6,6
2357,"뜨다,개안",6,6
2358,(버스에)승차,6,6
2359,스카우트,6,6
2360,피아니스트,6,6
2361,울분,6,6
2362,커피,6,6
2363,"단련,수련,수행",6,6
2364,"늘다,늘이다,늘리다",6,6
2365,치매,6,6
2366,"틈,(바닥에 생기는)균열",6,6
2367,얌체,6,6
2368,물가,6,6
2369,여행사,6,6
2370,낫다,6,6
2371,왜냐하면,6,6
2372,앨범,6,6
2373,겸하다,6,6
2374,도시락,6,6
2375,"갓난아기,갓난아이,아기,영아,젖먹이",6,6
2376,"참다,견디다,인내,자제,억제",6,6
2377,"맏아들,장남",6,6
2378,"아름답다,미",6,6
2379,첫돌,6,6
2380,백제,6,6
2381,불평,6,6
2382,"선조,조상",6,6
2383,만점,6,6
2384,미치광이,6,6
2385,ㅖ,6,6
2386,"대략,대강,대충,약",6,6
2387,"수전노,구두쇠",6,6
2388,복지재단,6,6
2389,이천,6,6
2390,"듣다,소리,소식,청각",6,6
2391,관형사,6,6
2392,물들다,6,6
2393,"솔직하다,정직",6,6
2394,"엘에이,로스앤젤레스",6,6
2395,작가,6,6
2396,고향,6,6
2397,종합,6,6
2398,잠수함,6,6
2399,사과,6,6
2400,"마치,척하다,체하다,처럼",6,6
2401,"물음표,미지수,설마",6,6
2402,눈감아 주다,6,6
2403,"미움,미워하다,밉다,얄밉다",6,6
2404,"고의,일부러",6,6
2405,난청인,6,6
2406,고난,6,6
2407,두 사람,6,6
2408,"무조건,무작정",6,6
2409,처남,6,6
2410,(머리를)감다,6,6
2411,"독일어,독어",6,6
2412,물기,6,6
2413,미끄러지다,6,6
2414,"땅,육지,토지",6,6
2415,병장,6,6
2416,제화,6,6
2417,"중앙,도중,중,중도",6,6
2418,동반자,6,6
2419,"정신적 장애,정신장애",6,6
2420,전문,6,6
2421,남동생,6,6
2422,"지금,갓,이제,인제,현재",6,6
2423,목공,6,6
2424,"교란,짬뽕,혼합,섞다",6,6
2425,상사,6,6
2426,"갚다,상환,배상",6,6
2427,"더,게다가,더구나,추가",6,6
2428,"어린이,새끼,아이,어린아이,소아",6,6
2429,고양이,6,6
2430,"일부,일부분,부분",6,6
2431,사용자,6,6
2432,합장,6,6
2433,엔진,6,6
2434,큰언니,6,6
2435,"(빠르게)달리다,뛰다",6,6
2436,"비용,경비,-비,용돈",6,6
2437,호박,6,6
2438,인디언,6,6
2439,감리교,6,6
2440,"시원하다,평화,화평",6,6
2441,"열하나,십일",6,6
2442,"행동,거동,동작,짓,품행,행실,행위,움직이다,행하다",6,6
2443,교감,6,6
2444,천명,6,6
2445,"고난,고생,고초,고통",6,6
2446,"권세,권력,세력",6,6
2447,"빨래,빨다,세탁",6,6
2448,주전자,6,6
2449,여행,6,6
2450,"절대,절대로,한사코",6,6
2451,맛없다,6,6
2452,빼앗기다,6,6
2453,"우두머리,두목,수장",6,6
2454,"전달,전갈,전하다",6,6
2455,광산,6,6
2456,부산,6,6
2457,일상생활,6,6
2458,인부,6,6
2459,극장,6,6
2460,지갑,6,6
2461,"열넷,십사",6,6
2462,조건,6,6
2463,"낙오,뒤지다",6,6
2464,어색하다,6,6
2465,졸리다,6,6
2466,"곧,금명간,신속,이르다,냉큼,빨리,속히,썩,어서,얼른,이내,일찍,일찍이,-자",6,6
2467,농장,6,6
2468,"학원,배움터",6,6
2469,"편찮다,아프다",6,6
2470,"느끼다,느낌,뉘앙스",6,6
2471,"용해,녹다",6,6
2472,몰염치,6,6
2473,"오십,쉰",6,6
2474,지출,6,6
2475,계약서,6,6
2476,"맛있다,맛나다,맛",6,6
2477,진실,6,6
2478,세금,6,6
2479,백화점,6,6
2480,"너,네,자네",6,6
2481,경비실,6,6
2482,"억지,강제,형벌,징계,꼬집다,벌,징벌",6,6
2483,"소란,소요,소음,야단,요란,시끄럽다",6,6
2484,매미,6,6
2485,(불빛을)켜다,6,6
2486,파도,6,5
2487,이남,6,6
2488,나흘,6,6
2489,복권,6,6
2490,운동선수,6,6
2491,"깊다,깊숙하다",6,6
2492,ㅜ,6,6
2493,경매,6,6
2494,설렁탕,6,6
2495,"박수,박자,손뼉",6,6
2496,"의지,기대다",6,6
2497,판결의 경정,6,6
2498,매표소,6,6
2499,드라마,6,6
2500,포스터,6,6
2501,동족,6,6
2502,"당근,홍당무",6,6
2503,뱀,6,6
2504,만료,6,6
2505,수면제,6,6
2506,구어,6,6
2507,지시,6,6
2508,"충청북도,충북",6,6
2509,"온갖,가지가지,갖가지,여러 가지",6,6
2510,"씨,씨앗,종자",6,6
2511,(공간이)차다,6,6
2512,"수다,늘어놓다,수다스럽다",6,6
2513,지진,6,6
2514,"똑똑하다,영리하다",6,6
2515,"십이,열둘",6,6
2516,"빈틈없다,완벽",6,6
2517,설사,6,6
2518,"낚시,낚시질",6,6
2519,숙청,6,6
2520,"숙부,작은아버지",6,6
2521,개학,6,6
2522,"탄핵,뽑다",6,6
2523,씨름,6,6
2524,"받다,얻다,타다",6,6
2525,고집,6,6
2526,강도,6,6
2527,"내년,명년,이듬해,다음해",6,6
2528,초등학교,6,6
2529,상어,6,6
2530,"수리,독수리",6,6
2531,"디자인,도안,설계",6,6
2532,울산,6,6
2533,"건너다,횡단,건너다,넘다,넘어가다,침범",6,6
2534,"꽃,(꽃이)피다",6,6
2535,미수연,6,6
2536,"글,글자,자",6,6
2537,오열,6,6
2538,"잠깐,잠시",6,6
2539,"십오,열다섯",6,6
2540,"끊어지다,-다가",6,6
2541,"때문,바람,탓,말미암다,인하다,-니까",6,6
2542,"극복,이겨냄",6,6
2543,"변덕스럽다,변덕",6,6
2544,낯설다,6,6
2545,돼지고기,6,6
2546,"판매,매각,매출,팔다",6,6
2547,"진보,향상",6,6
2548,헝가리,6,6
2549,중얼거리다,6,6
2550,"가르다,나누다,구별,구분,분류,분별,분할,유별",6,6
2551,"부르다,소환,호출",6,6
2552,새치기,6,6
2553,"승려,스님",6,6
2554,돌아서다,6,6
2555,로또 복권,6,6
2556,"둘째,두 번째",6,6
2557,인쇄,6,6
2558,"양치질,양치",6,6
2559,몸살,6,6
2560,"교과서,교본",6,6
2561,"짓다,공작,작성,제작,제조,만들다,가공",6,6
2562,"발전,발달,번영,진흥",6,6
2563,"균일,동일,골고루,일제히",6,6
2564,꿀,6,6
2565,선교사,6,6
2566,한의사,6,6
2567,이라크,6,6
2568,어머,6,6
2569,"갈고닦다,연마,단련",6,6
2570,보류,6,6
2571,"허식,헛치레",6,6
2572,여관,6,6
2573,"작다,다소,약간,조금,약소하다,자그마하다,적다,조그마하다",6,6
2574,싱겁다,6,6
2575,높다,6,6
2576,팔꿈치,6,6
2577,간접,6,6
2578,"이십,스물",6,6
2579,미달,6,6
2580,목메다,6,6
2581,"초과,지나치다",6,6
2582,생존,6,6
2583,"헛일,허사,허탕,헛되다",6,6
2584,챔피언,6,6
2585,독재,6,6
2586,"체념,기권,포기",6,6
2587,사춘기,6,6
2588,피혁,6,6
2589,매장,6,6
2590,킬로,6,6
2591,팔월,6,6
2592,"농사,농사일,농업",6,6
2593,판결의 공시,6,6
2594,잡담,6,6
2595,"갱,깡패,불량배",6,6
2596,나비넥타이,6,6
2597,바이올린,6,6
2598,"폐쇄,닫다",6,6
2599,"하자,불량",6,6
2600,컴퓨터,6,6
2601,승용차,6,6
2602,자라 왔다,6,6
2603,카세트,6,6
2604,적 없다,6,6
2605,"탁구,핑퐁",6,6
2606,앞,6,6
2607,"전철역,지하철역",6,6
2608,지방 장애인 복지 위원회,6,6
2609,왼손잡이,6,6
2610,"춤,무용,연극,추다,춤추다",6,6
2611,(사방위)북,6,6
2612,신용카드,6,6
2613,떠맡다,6,6
2614,화가 치밀어 오르다,6,6
2615,후회,6,6
2616,가깝다,6,6
2617,"무관심,내외,외면",6,6
2618,목욕탕,6,6
2619,하복,6,6
2620,선구자,6,6
2621,수박,6,6
2622,ㅎ,6,6
2623,벽돌,6,6
2624,행인,6,6
2625,일등,6,6
2626,따스하다,6,6
2627,억류,6,6
2628,"기회,찬스",6,6
2629,남아메리카,6,6
2630,ㄱ,6,6
2631,희생자,6,6
2632,널다,6,6
2633,관청,6,6
2634,장애인,6,6
2635,재단사,6,6
2636,"단위,제한,한계,한도,한정",6,6
2637,"오디오,듣다,소식,청각",6,6
2638,(공간이)좁다,6,6
2639,"부모님,부모,양친,어버이",6,6
2640,"슬기롭다,슬기,지혜,현명",6,6
2641,학원,6,6
2642,"연인,애인",6,6
2643,거래,6,6
2644,부럽다,6,6
2645,"순서,목차,순번,순위,절차,차례,프로그램",6,6
2646,금요일,6,6
2647,집어넣다,6,6
2648,"욕,비난,비방,욕설,흉보다",6,6
2649,"장수,상인",6,6
2650,악어,6,6
2651,"피곤,피로",6,6
2652,(다음으로)넘어가다,6,6
2653,공급,6,6
2654,살아남다,6,6
2655,"압류,차압",6,6
2656,생강,6,6
2657,신도시,6,6
2658,손녀,6,6
2659,냉면,6,6
2660,"알맞다,적정,적당하다,적절하다",6,6
2661,파리하다,6,6
2662,칼국수,6,6
2663,"헬리콥터,헬기",6,6
2664,"종,급사,사환",6,6
2665,"제자,모나코,사도",6,6
2666,호두,6,6
2667,애국가,6,6
2668,"실업자,실직자",6,6
2669,"퍼지다,만연,분산,유포,해산,해체,번지다,옮다,흩어지다",6,6
2670,취사장,6,6
2671,보호자,6,6
2672,"열일곱,십칠",6,6
2673,나오다,6,6
2674,"다섯,오",6,6
2675,"일식,화식,일본요리",6,6
2676,"경찰,순경,순사",6,6
2677,소대장,6,6
2678,"뱃사람,선원",6,6
2679,"까다,벗기다",6,6
2680,"관인,발급",6,6
2681,"유리,거울",6,6
2682,"내리다,하차",6,6
2683,"혀,혓바닥",6,6
2684,매,6,6
2685,오징어,6,6
2686,물건,6,6
2687,"회계,재정",6,6
2688,약사,6,6
2689,ㅒ,6,6
2690,"양분,영양,영양분,자양분",6,6
2691,든지,6,6
2692,삼촌,6,6
2693,수영,6,6
2694,정정당당하다,6,6
2695,증조할아버지,6,6
2696,지점,6,6
2697,리모컨,6,6
2698,"다정,우정,우애,우의,친목,가까이하다,가깝다,단란하다,의좋다,정답다,친하다",6,6
2699,대령,6,6
2700,"꼬마,꼬맹이,소아",6,6
2701,"문득,언뜻",6,6
2702,시야,6,6
2703,격주,6,6
2704,"지문자,지화",6,6
2705,인쇄소,6,6
2706,잡채,6,6
2707,"참가자,참가인",6,6
2708,"부두,항구",6,6
2709,"백부,큰아버지",6,6
2710,강,6,6
2711,선,6,6
2712,줄넘기,6,6
2713,솥,6,6
2714,"타자,타이핑",6,6
2715,장미꽃,6,6
2716,거부권,6,6
2717,스파게티,6,6
2718,"일본어,일어",6,6
2719,시시하다,6,6
2720,비전,6,6
2721,"숲,녹음,삼림,수림,수풀,무성하다,울창하다",6,6
2722,들다,6,6
2723,창백하다,6,6
2724,"모자라다,결손,결핍,부족",6,6
2725,잠그다,6,6
2726,대,6,6
2727,힌두교,6,6
2728,청각장애,6,6
2729,받다,6,6
2730,되풀이,6,6
2731,"수의사,수의",6,6
2732,누르다,6,6
2733,"외할머니,외조모",6,6
2734,부유,6,6
2735,어림없다,6,6
2736,(동물)사자,6,6
2737,"교무실,교원실,서무실",6,6
2738,훈화,6,6
2739,당황,6,6
2740,무상,6,6
2741,이마,6,6
2742,"존댓말,존대어",6,6
2743,"가위,가위질",6,6
2744,환경부,6,6
2745,장하다,6,6
2746,원룸,6,6
2747,"하늘,개다",6,6
2748,"칠,일곱",6,6
2749,괴짜,6,6
2750,어디,6,6
2751,인라인스케이트,6,6
2752,다행,6,6
2753,잠자리,6,6
2754,양,6,6
2755,기차표,6,6
2756,"지긋지긋,지겹다",6,6
2757,"우울,울상,시무룩하다",6,6
2758,변호사,6,6
2759,"걷어붙이다,적극",6,6
2760,(타악기)북,6,6
2761,"일반,대개,보통,평범하다",6,6
2762,십자가,6,6
2763,"프라이드,자존심",6,6
2764,"구걸,동냥",6,6
2765,"모습,꼴,모양,상태,상황,장면,형상,형용,형태",6,6
2766,습기,6,6
2767,"모두,온통,전부,전체,제반,모든,온,다,모조리,몽땅,죄다",6,6
2768,(신체의)눈,6,6
2769,"가락지,반지",6,6
2770,논,6,6
2771,"머리,뇌,두뇌",6,6
2772,위인,6,6
2773,보호 수당,6,6
2774,ㄹ,6,6
2775,"수단,수법",6,6
2776,초록색,6,6
2777,성직,6,6
2778,황해,6,6
2779,슬로바키아,6,6
2780,"기억,암기,외다,외우다",6,6
2781,조카,6,6
2782,이,6,6
2783,"금주,이번 주",6,6
2784,인색,6,6
2785,행사장,6,6
2786,"뭉치다,단결,단합",6,6
2787,"십사,열넷",6,6
2788,기다랗다,6,6
2789,수상하다,6,6
2790,전공,6,6
2791,중부,6,6
2792,테니스를 치다,6,6
2793,장어,6,6
2794,둘 중 어느 것,6,6
2795,"바닥나다,비다,비우다",6,6
2796,"외할아버지,외조부",6,6
2797,전승,6,6
2798,"수어,수화",6,6
2799,국회,6,6
2800,하늘색,6,6
2801,반대,6,6
2802,"게시,제시",6,6
2803,명함,6,6
2804,지체장애,6,6
2805,"권리,권한",6,6
2806,"노력,안간힘,공들이다,애쓰다,힘쓰다",6,6
2807,수기,6,6
2808,무뚝뚝하다,6,6
2809,정보,6,6
2810,입원,6,6
2811,"인상,용모,표정",6,6
2812,맞바꾸다,6,6
2813,얼떨결,6,6
2814,"석유,기름",6,6
2815,꼴찌,6,6
2816,"마이너스,감표,덜기,빼기,빼기표,뺄셈표,뺄셈 부호",6,6
2817,불면,6,6
2818,자음,6,6
2819,연습,6,6
2820,동아시아,6,6
2821,솜,6,6
2822,"부피,양",6,6
2823,"철저하다,철두철미",6,6
2824,"까닭,뜻,명목,의미,이유,이치,뜻하다",6,6
2825,레몬,6,6
2826,"묶다,매듭",6,6
2827,"키,신장",6,6
2828,무,6,6
2829,"범인,죄인",6,6
2830,"몸,동체,몸뚱이,몸체,신체",6,6
2831,(음식의)장,6,6
2832,ㄸ,6,6
2833,"친어머니,생모",6,6
2834,아래다,6,6
2835,겹치다,6,6
2836,"건의,제의",6,6
2837,벌다,6,6
2838,"달리기,달리다,뛰다",6,6
2839,"면목(이) 없다,비겁하다",6,6
2840,할부,6,6
2841,거의,6,6
2842,"주제,제목",6,6
2843,기둥,6,6
2844,스캐너,6,6
2845,네팔,6,6
2846,"닿다,밀착,붙다,붙이다",6,6
2847,임씨,6,6
2848,"가능,할 수 있다",6,6
2849,"논의,상담,상의,의논",6,6
2850,"입석,서다",6,6
2851,조수,6,6
2852,정신,6,6
2853,재료,6,6
2854,"행패,횡포",6,6
2855,목적,6,6
2856,우승자,6,6
2857,월부,6,6
2858,"언덕,구릉",6,6
2859,내쉬다,6,6
2860,장기,6,6
2861,쥐,6,6
2862,"애매하다,가물거리다,가물대다,불분명하다,막연하다,묘연하다,아물거리다,흐리다,희미하다,모호,불확실,어렴풋이",6,6
2863,배후,6,6
2864,"소제,청소",6,6
2865,"비교,비례,견주다,대다",6,6
2866,"때,경우,시기,시대,시절,무렵,즈음",6,6
2867,미터,6,6
2868,"난청인,난청자",6,6
2869,"되돌아오다,돌아오다,귀환",6,6
2870,"관리,관리하다",6,6
2871,사촌,6,6
2872,인정,6,6
2873,"정돈,정리",6,6
2874,물약,6,6
2875,"몰려가다,몰려들다,쇄도",6,6
2876,전통,6,6
2877,피서지,6,6
2878,수행원,6,6
2879,"맞다,딱",6,6
2880,모순,6,6
2881,초밥,6,6
2882,행운아,6,6
2883,"은빛,은색",6,6
2884,"좁다,옹졸하다,치사하다",6,6
2885,"발걸음,발자국,밟다",6,6
2886,"취업,취직",6,6
2887,시청,6,6
2888,"낡다,부패,묵다,썩다,헌",6,6
2889,날리다,6,6
2890,(값이)오르다,6,6
2891,아멘,6,6
2892,"사진,찍다",6,6
2893,"막내딸,막내",6,6
2894,삼겹살,6,6
2895,수입,6,6
2896,콧방귀,6,6
2897,"꿈,포부,꿈꾸다",6,6
2898,"보상금,배상금",6,6
2899,차녀,6,6
2900,"행선지,행방",6,6
2901,종족,6,6
2902,"운동복,체육복",6,6
2903,"집행,활동,활약",6,6
2904,"가꾸다,기르다,배양,양성,양육,육성,키우다",6,6
2905,"목소리,음성,발음,목청,언성,부르다",6,6
2906,"작년,지난해",6,6
2907,핀란드,6,6
2908,둘러대다,6,6
2909,면세,6,6
2910,"짜다,소금",6,6
2911,미성년자,6,6
2912,일요일,6,6
2913,끝내다,6,6
2914,넥타이,6,6
2915,"말,승마",6,6
2916,와이셔츠,6,6
2917,입학식,6,6
2918,"조물주,신",6,6
2919,"점원,판매자,판매원,판매인,세일즈맨",6,6
2920,"고백,고해",6,6
2921,"감독,감수",6,6
2922,마케도니아,6,6
2923,바른 정신이 아니다,6,6
2924,드럼,6,6
2925,치마,6,6
2926,광장,6,6
2927,용접,6,6
2928,원숭이,6,6
2929,"결혼식,혼례,혼례식",6,6
2930,"귀하다,존귀",6,6
2931,"소비자,사용자",6,6
2932,쇠망,6,6
2933,오월,6,6
2934,경찰서,6,6
2935,장로교,6,6
2936,"오전,상오",6,6
2937,날치기,6,6
2938,"드러눕다,누이다,눕다,눕히다",6,6
2939,가져오다,6,6
2940,엘살바도르,6,6
2941,"간호,문병,병간호,병문안",6,6
2942,"서울,서울시",6,6
2943,치과,6,6
2944,그녀,6,6
2945,"승진,오르다",6,6
2946,"만족,여유,자신,충족,넉넉하다,늠름하다,당당하다,떳떳하다,충분하다,푸짐하다,풍부하다,듬뿍,실컷",6,6
2947,"멍청이,멍청하다",6,6
2948,주소,6,6
2949,"아홉,구",6,6
2950,"백두산,장백산",6,6
2951,실수,6,6
2952,"세대,후대",6,6
2953,"꺾다,부러지다",6,6
2954,"복귀,환원,되돌리다,그대로",6,6
2955,연지,6,6
2956,"농부,농군,농민",6,6
2957,"화려하다,호화",6,6
2958,"멧돼지,산돼지",6,6
2959,"가구,장",6,6
2960,나그네,6,6
2961,원망,6,6
2962,"과자,쿠키",6,6
2963,돋보기,6,6
2964,작은할아버지,6,6
2965,"굉장하다,심하다,심각하다",6,6
2966,"환불,환급",6,6
2967,역도,6,6
2968,빗다,6,6
2969,광택,6,6
2970,분수,6,6
2971,현충일,6,6
2972,집값,6,6
2973,교통,6,6
2974,전주,6,6
2975,등기,6,6
2976,힘없다,6,6
2977,맞벌이,6,6
2978,배달,6,6
2979,푸에르토리코,6,6
2980,성당,5,5
2981,관절,5,5
2982,(혈액의)순환,5,5
2983,"타이완,대만",5,5
2984,"오후,점심 후",5,5
2985,표어,5,5
2986,복숭아,5,5
2987,"가발,덧머리",5,5
2988,"찻삯,차비",5,5
2989,시누이,5,5
2990,"감옥,옥",5,5
2991,볼리비아,5,5
2992,자동,5,5
2993,차남,5,5
2994,소송,5,5
2995,"경악,깜짝,놀라다",5,5
2996,절도범,5,5
2997,어린이날,5,5
2998,택시,5,5
2999,케이크,5,5
3000,"며느리,아가,자부",5,5
3001,채팅,5,5
3002,빌딩,5,5
3003,"기구,조직,짜임,천,헝겊,짜다",5,5
3004,모금,5,5
3005,"곱사등,곱사등이",5,5
3006,럭비,5,5
3007,"꼬시다,유인,유도",5,5
3008,통합,5,5
3009,한자,5,5
3010,"형,형님",5,5
3011,부처,5,5
3012,포도,5,5
3013,"뜻밖에,의외",5,5
3014,함경남도,5,5
3015,절친하다,5,5
3016,"서두르다,긴급,독촉,재촉,응급,급하다,시급하다",5,5
3017,고무,5,5
3018,손수건,5,5
3019,"그다음,다음",5,5
3020,구두,5,5
3021,닷새,5,5
3022,편집,5,5
3023,배구,5,5
3024,층층대,5,5
3025,밭,5,5
3026,"반대,반하다,반-",5,5
3027,"교차로,사거리",5,5
3028,유적지,5,5
3029,벼락,5,5
3030,훈련,5,5
3031,"내주,다음주",5,5
3032,"가면,탈",5,5
3033,"감독관,감독자",5,5
3034,"필요,소용",5,5
3035,체온,5,5
3036,외국인,5,5
3037,"왼쪽,좌측,좌",5,5
3038,카센터,5,5
3039,"몸동작,몸가짐,처신,태도",5,5
3040,신문사,5,5
3041,재산,5,5
3042,"장애,병신,제대로 안되다",5,5
3043,통신 중계,5,5
3044,주유소,5,5
3045,"산화,희생",5,5
3046,보행자,5,5
3047,두껍다,5,5
3048,"텔레비전,티브이",5,5
3049,억,5,5
3050,"가지다,갖다,지니다,취하다",5,5
3051,"백색,흰색,하얀색",5,5
3052,"누락,빠지다",5,5
3053,밖에,5,5
3054,우울증,5,5
3055,"비율,백분율,퍼센트,성향",5,5
3056,털,5,5
3057,"얼마,몇",5,5
3058,"설,설날",5,5
3059,"그렇다,그러하다",5,5
3060,동거인,5,5
3061,망치,5,5
3062,캄보디아,5,5
3063,청년,5,5
3064,화투,5,5
3065,경상북도,5,5
3066,"운전사,운전기사,운전수",5,5
3067,적십자,5,5
3068,"단계,절차",5,5
3069,도토리,5,5
3070,조,5,5
3071,방송국,5,5
3072,중앙,5,5
3073,언니,5,5
3074,"권투,복싱",5,5
3075,예식장,5,5
3076,교통사고,5,5
3077,학교,5,5
3078,고장,5,5
3079,해수욕,5,5
3080,나비,5,5
3081,위다,5,5
3082,까불다,5,5
3083,"바람,바람이 불다",5,5
3084,피자,5,5
3085,"낳다,나다,태어나다,분만,생식,출산,출생,탄생,해산",5,5
3086,자습,5,5
3087,"고발,고자질,일러바치다",5,5
3088,구색,5,5
3089,처형,5,5
3090,위,5,5
3091,내다,5,5
3092,"산소,뫼,묘,묘소,무덤",5,5
3093,"불량,결함",5,5
3094,불교,5,5
3095,부활절,5,5
3096,길,5,5
3097,미사,5,5
3098,부인,5,5
3099,"합격,당첨,붙다",5,5
3100,"버리다,폐기,폐하다",5,5
3101,"등호,등표",5,5
3102,포도주,5,5
3103,권위자,5,5
3104,"금전,돈,화폐",5,5
3105,전과,5,5
3106,"등산가,산악인",5,5
3107,"목록,식순,순서,안건",5,5
3108,복지,5,5
3109,띠,5,5
3110,"밤,어둡다",5,5
3111,젓가락,5,5
3112,"구주,유럽",5,5
3113,공산당,5,5
3114,한꺼번에,5,5
3115,돼지,5,5
3116,의사소통장애,5,5
3117,핵,5,5
3118,공공 기관,5,5
3119,기부,5,5
3120,"방뇨,소변,오줌",5,5
3121,외국어,5,5
3122,탈퇴,5,5
3123,여성부,5,5
3124,금식,5,5
3125,고추,5,5
3126,"어긋나다,엇갈리다",5,5
3127,"종신,생애,일생,평생,필생,한평생",5,5
3128,극복,5,5
3129,"-ㅂ시다,-자",5,5
3130,"입증,증명",5,5
3131,"발송,보내다,(편지 등을)부치다",5,5
3132,"삭제,고무,고무지우개,지우다",5,5
3133,간호사,5,5
3134,"황홀,휘황하다,휘황찬란하다",5,5
3135,파,5,5
3136,"용감하다,용기",5,5
3137,보람,5,5
3138,"방관,방임,내버리다",5,5
3139,웨딩드레스,5,5
3140,내려놓다,5,5
3141,한복,5,5
3142,"장인,장인어른",5,5
3143,주고받다,5,5
3144,껌,5,5
3145,자르다,5,5
3146,"대피,도망,도주,도피,줄행랑,탈출,내빼다,달아나다,도망가다,도망치다,빠져나가다",5,5
3147,"동네,마을",5,5
3148,하모니카,5,5
3149,평안북도,5,5
3150,팥,5,5
3151,치약,5,5
3152,개회,5,5
3153,사진사,5,5
3154,"월급,급료,봉급",5,5
3155,"기독교,예수교",5,5
3156,파키스탄,5,5
3157,거북,5,5
3158,"해내다,이기다",5,5
3159,"없다,비다",5,5
3160,장관,5,5
3161,들키다,5,5
3162,교회,5,5
3163,땀,5,5
3164,구약,5,5
3165,서대문,5,5
3166,영양사,5,5
3167,"반려,짝,함께,과,쌍",5,5
3168,파악,5,5
3169,목요일,5,5
3170,첫째,5,5
3171,"숙모,작은어머니",5,5
3172,조롱,5,5
3173,"함께,같이,동반,랑,아울러,더불다,-끼리",5,5
3174,"머리카락,모발,두발,머리털",5,5
3175,투명,5,5
3176,선물,5,5
3177,잘못,5,5
3178,부러지다,5,5
3179,통장,5,5
3180,묘지,5,5
3181,"일백,백",5,5
3182,세트,5,5
3183,퇴장,5,5
3184,안내소,5,5
3185,잠수,5,5
3186,"감염,전염,옮다,걸리다",5,5
3187,"대궐,고궁,궁,궁궐,궁전",5,5
3188,부딪히다,5,5
3189,"총고,조언",5,5
3190,퇴학,5,5
3191,높이,5,5
3192,만두,5,5
3193,보석상,5,5
3194,양말,5,5
3195,"체중,몸무게",5,5
3196,경험,5,5
3197,이자,5,5
3198,"방어,방지,수비,막다,저지,거절,차단",5,5
3199,"평일,평상일",5,5
3200,"약국,약방",5,5
3201,"인상,오르다,뛰다",5,5
3202,괴롭히다,5,5
3203,수렴,5,5
3204,"군집,떼,무리",5,5
3205,"일개월,달",5,5
3206,"미싱,봉제,재봉",5,5
3207,한강,5,5
3208,"찬송가,찬송",5,5
3209,직접,5,5
3210,승자,5,5
3211,장교,5,5
3212,해수욕장,5,5
3213,"넘어가다,빠지다",5,5
3214,출장,5,5
3215,호흡,5,5
3216,배짱,5,5
3217,임원,5,5
3218,전파,5,5
3219,"떠나다,송별,이별,작별,헤어지다",5,5
3220,따귀,5,5
3221,우루과이,5,5
3222,고양,5,5
3223,능하다,5,5
3224,놓아주다,5,5
3225,"먼지,티끌",5,5
3226,지옥,5,5
3227,말썽,5,5
3228,남녀평등,5,5
3229,스타킹,5,5
3230,"훌륭하다,위대하다",5,5
3231,"승리,승리하다,이기다",5,5
3232,세배,5,5
3233,맵다,5,5
3234,삼키다,5,5
3235,살인범,5,5
3236,소설가,5,5
3237,바람(을) 피우다,5,5
3238,"하나님,하느님",5,5
3239,토끼,5,5
3240,넓다,5,5
3241,냄비,5,5
3242,"공,영",5,5
3243,소설,5,5
3244,대답,5,5
3245,(마음이)좁다,5,5
3246,태권도,5,5
3247,따르다,5,5
3248,강자,5,5
3249,전라도,5,5
3250,전복,5,5
3251,폐지,5,5
3252,관광,5,5
3253,"엉망,엉터리",5,5
3254,무효,5,5
3255,"늑대,이리",5,5
3256,의성어,5,4
3257,전화번호,5,5
3258,따로,5,5
3259,"거지,걸인",5,5
3260,"거두다,수확",5,5
3261,"호각,호루라기,휘슬",5,5
3262,한국농아인협회,5,5
3263,"이전,전",5,5
3264,"최고,달성,이루다,이룩하다",5,5
3265,군사령관,5,5
3266,(나무를)베다,5,5
3267,온도,5,5
3268,신라,5,5
3269,정답,5,5
3270,배추,5,5
3271,조르다,5,5
3272,"주위,주변,둘레",5,5
3273,외출,5,5
3274,앰뷸런스,5,5
3275,의지,5,5
3276,평면도,5,5
3277,세뱃돈,5,5
3278,수요일,5,5
3279,"손목시계,시계",5,5
3280,터미널,5,5
3281,이병,5,5
3282,"번호,번,숫자",5,5
3283,지리산,5,5
3284,"편지,서신,우편",5,5
3285,방학,5,5
3286,멸치,5,5
3287,비다,5,5
3288,"할인,내려가다,내리다",5,5
3289,"노인,늙은이,늙으신네",5,5
3290,감동,5,5
3291,계약금,5,5
3292,투자,5,5
3293,"무선,전기,전자",5,5
3294,"지다,일몰",5,5
3295,"부드럽다,스펀지,말랑하다,무르다,물렁하다,보드랍다,유연하다,물렁물렁",5,5
3296,통하다,5,5
3297,입술,5,5
3298,"사슴,순록",5,5
3299,교통비,5,5
3300,"가사,집안일",5,5
3301,팀,5,5
3302,경상도,5,5
3303,고환,5,5
3304,"타월,수건",5,5
3305,분위기,5,5
3306,긍정,5,5
3307,"오른쪽,우측",5,5
3308,절충,5,5
3309,동거,5,5
3310,하와이,5,5
3311,이웃,5,5
3312,배드민턴,5,5
3313,갈다,5,5
3314,"산,메,뫼",5,5
3315,틀렸다,5,5
3316,소문,5,5
3317,무안,5,5
3318,굽다,5,5
3319,"무너지다,내려앉다",5,5
3320,"기피,대피,피신,회피,피하다",5,5
3321,"기,깃발",5,5
3322,옮다,5,5
3323,짜다,5,5
3324,찹쌀,5,5
3325,"과부,홀어머니,홀어미",5,5
3326,(신체의)등,5,5
3327,"안내,어서 들어오세요,어서 오세요",5,5
3328,"꾀,계책",5,5
3329,패다,5,5
3330,토마토,5,5
3331,군용기,5,5
3332,"개다,개키다,싸다,포장",5,5
3333,"부터,이래",5,5
3334,차기,5,5
3335,스케이트,5,5
3336,감격,5,5
3337,겹겹이,5,5
3338,"어부,어민",5,5
3339,지체장애인,5,5
3340,"인사,경례",5,5
3341,노트북 컴퓨터,5,5
3342,퇴직금,5,5
3343,"정류장,승차장,정거장,정류소",5,5
3344,예비군,5,5
3345,"대다수,대부분,주로",5,5
3346,작곡가,5,5
3347,양보,5,5
3348,퇴원,5,5
3349,"피,출혈,혈,혈액",5,5
3350,배낭,5,5
3351,책방,5,5
3352,아이스크림,5,5
3353,"하이힐,힐",5,5
3354,비좁다,5,5
3355,"평균,평균값,평균치",5,5
3356,목수,5,5
3357,태극기,5,5
3358,"배,갑절,곱,곱절",5,5
3359,넘어오다,5,5
3360,대가,5,5
3361,미니스커트,5,5
3362,"팔십,여든",5,5
3363,배급소,5,5
3364,고층,5,5
3365,간절,5,5
3366,식빵,5,5
3367,"십삼,열셋",5,5
3368,자금,5,5
3369,미안,5,5
3370,유추,5,5
3371,해부,5,5
3372,아차,5,5
3373,"열셋,십삼",5,5
3374,크로아티아,5,5
3375,"소용없다,쓸데없다,쓸모없다,필요 없다",5,5
3376,헌신,5,5
3377,그리스,5,5
3378,대장,5,5
3379,"튀르키예공화국(약칭 튀르키예),터키",5,5
3380,서예,5,5
3381,"내용,경과,내역,사항",5,5
3382,뇌물을 주다,5,5
3383,비서,5,5
3384,강화도,5,5
3385,"인품,인격",5,5
3386,두부,5,5
3387,휴일,5,5
3388,"성탄,성탄절,크리스마스",5,5
3389,모독,5,5
3390,"수갑,체포,쇠고랑",5,5
3391,엑스레이,5,5
3392,파라과이,5,5
3393,디지털,5,5
3394,"과일,과실",5,5
3395,사기,5,5
3396,요금,5,5
3397,백화,5,5
3398,"남녀,암수,자웅",5,5
3399,한식,5,5
3400,부반장,5,5
3401,동메달,5,5
3402,목격,5,5
3403,거주지,5,5
3404,한글 지문자,5,5
3405,삐다,5,5
3406,"똑같다,같다,동일하다",5,5
3407,"분,사람",5,5
3408,"더하기,플러스",5,5
3409,"공,볼",5,5
3410,서랍,5,5
3411,"금가락지,금반지",5,5
3412,"꼭,약속,-야,필수,필시",5,5
3413,트럭,5,5
3414,함장,5,5
3415,평안남도,5,5
3416,"공중,민간,서민,일반인",5,5
3417,"관계,관련,상관,연관",5,5
3418,"그만,그만이다",5,5
3419,"규약,규율,규칙,조항",5,5
3420,스웨터,5,5
3421,심장,5,5
3422,"절대,공,공공,결코,절대로",5,5
3423,혈압,5,5
3424,할렐루야,5,5
3425,회비,5,5
3426,여드름,5,5
3427,"이발소,이발관",5,5
3428,"중화요리,청요리",5,5
3429,"성인,어른,어르신",5,5
3430,"색칠,칠",5,5
3431,"도시,도회,도회지",5,5
3432,헛소문,5,5
3433,한라산,5,5
3434,한량,5,5
3435,"가렵다,긁다",5,5
3436,학년,5,5
3437,오케이,5,5
3438,바나나,5,5
3439,달인,5,5
3440,떠내려가다,5,5
3441,성경,5,5
3442,백일,5,5
3443,"과,-꾼,전공,똑바로",5,5
3444,"그리워하다,동경,사모,그리다,그립다",5,5
3445,"파면,해고",5,5
3446,설,5,5
3447,울음,5,5
3448,애처가,5,5
3449,온라인,5,5
3450,반신반의,5,5
3451,"경비병, 병위",5,5
3452,냄새,5,5
3453,모래,5,5
3454,"고기,물고기,생선,헤엄치다",5,5
3455,용,5,5
3456,오토바이,5,5
3457,"겪다,당하다,-던,-았(-었),적",5,5
3458,"똥,대변",5,5
3459,없어지다,5,5
3460,"화장실,변소",5,5
3461,사진 전공자,5,5
3462,여행지,5,5
3463,경주,5,5
3464,보다,5,5
3465,죄수,5,5
3466,난청,5,5
3467,"부끄럽다,부끄러움,수줍다,수치,창피",5,5
3468,택배,5,5
3469,재활,5,5
3470,근육,5,5
3471,칭찬,5,5
3472,포장,5,5
3473,소녀,5,5
3474,곳간,5,5
3475,ㅣ,5,5
3476,유명,5,5
3477,"쏘다,대포,발사,포",5,5
3478,통일,5,5
3479,가져가다,5,5
3480,해설자,5,5
3481,생선회,5,5
3482,기와,5,5
3483,청바지,5,5
3484,영어,5,5
3485,구름,5,5
3486,헌금,5,5
3487,프린트,5,5
3488,"복판,가운데,중심,한가운데",5,5
3489,"되돌아가다,돌아가다",5,5
3490,마주 보다,5,5
3491,"기다리다,대기",5,5
3492,"소나무,솔",5,5
3493,"찌푸리다,근심",5,5
3494,"열매,결실을 맺다",5,5
3495,노려보다,5,5
3496,"유방,젖",5,5
3497,펜싱,5,5
3498,"사,개인",5,5
3499,"속어,비속어",5,5
3500,달러,5,5
3501,학과,5,5
3502,부활,5,5
3503,"주다,내밀다,내주다,건네주다,제공,교부",5,5
3504,"팔,팔뚝",5,5
3505,공약,5,5
3506,불국사,5,5
3507,"내몰다,몰다",5,5
3508,기린,5,5
3509,"절도,도둑,도적,훔치다",5,5
3510,특성,5,5
3511,찾다,5,5
3512,뽑다,5,5
3513,일본인,5,5
3514,칫솔,5,5
3515,(신문)배달원,5,5
3516,장로,5,5
3517,평양,5,5
3518,"먼데,먼 곳",5,5
3519,허풍,5,5
3520,모르몬교,5,5
3521,의장,5,5
3522,"젊다,청춘",5,5
3523,(시설물)다리,5,5
3524,"셋째,세 번째",5,5
3525,분리,5,5
3526,"멍하다,멍하니",5,5
3527,"복잡하다,산만하다",5,5
3528,"백모,큰어머니",5,5
3529,포경 수술,5,5
3530,인상(을) 쓰다,5,5
3531,낙선,5,5
3532,잎,5,5
3533,"거저,공것,공짜,무료,면제,면하다",5,5
3534,"앞당기다,당기다,잡아당기다",5,5
3535,면도,5,5
3536,"균형,대등,수평,평등,표준,평평하다",5,5
3537,뉘우치다,5,5
3538,"가령,만약",5,5
3539,"오빠,오라버니",5,5
3540,"(여자를)유혹, 유혹하다",5,5
3541,"친구,동무,벗,우인",5,5
3542,보살,5,5
3543,축제,5,5
3544,"못하다,할 수 없다",5,5
3545,이중,5,5
3546,따라다니다,5,5
3547,"무쇠,쇠,철",5,5
3548,"배부르다,부르다",5,5
3549,"고함,비명,아우성,부르짖다,외치다,지르다,소리를 지르다,소리치다",5,5
3550,정장,5,5
3551,"외국,이국,타국",5,5
3552,에스컬레이터,5,5
3553,상,5,5
3554,점차,5,5
3555,겉멋,5,5
3556,보자기,5,5
3557,"보증,보장",5,5
3558,오전,5,5
3559,"거부당하다,기각,부결",5,5
3560,"여자,여성,여",5,5
3561,통조림,5,5
3562,김씨,5,5
3563,먹이다,5,5
3564,울릉도,5,5
3565,지폐,5,5
3566,청각장애인,5,5
3567,통신,5,5
3568,배부르다,5,5
3569,사흘,5,5
3570,정력,5,5
3571,횡재,5,5
3572,집요하다,5,5
3573,"맞지 않다,어울리지 않다,적합하지 않다,조화롭지 않다",5,5
3574,전송,5,5
3575,유대,5,5
3576,이발사,5,5
3577,데려오다,5,5
3578,팬티,5,5
3579,"-국,국가,나라",5,5
3580,턱,5,5
3581,"나타나다,드러나다,출현",5,5
3582,부자,5,5
3583,"프로페셔널,프로",5,5
3584,검사,5,5
3585,이모부,5,5
3586,풍선,5,5
3587,(책)사전,5,5
3588,선풍기,5,5
3589,주인공,5,5
3590,사위,5,5
3591,꽉차다,5,5
3592,형사,5,5
3593,안경,5,5
3594,총장,5,5
3595,가늘다,5,5
3596,잣,5,5
3597,"평상,평상시,평소",5,5
3598,"좌석,자리",5,5
3599,닫다,5,5
3600,"익숙하다,능숙하다,숙달",5,5
3601,마늘,5,5
3602,냉정,5,5
3603,고백성사,5,5
3604,안내인,5,5
3605,"종류,계통",5,5
3606,페루,5,5
3607,성금,5,5
3608,"북어,명태",5,5
3609,"파랑,청색,파랗다,푸르다",5,5
3610,"임자,주인,주체",5,5
3611,의정부,5,5
3612,수익,5,5
3613,유혹,5,5
3614,"나머지,남다,여분",5,5
3615,익숙하다,5,5
3616,"사회자,사회",5,5
3617,총재,5,5
3618,도달,4,4
3619,절반,4,4
3620,동사,4,4
3621,낙지,4,4
3622,"고인,사망자,(죽은자)사자",4,4
3623,판이하다,4,4
3624,(화학)실험,4,4
3625,기저귀,4,4
3626,훈련병,4,4
3627,여왕,4,4
3628,학도병,4,4
3629,부대,4,4
3630,군사재판,4,4
3631,"왕비,황후",4,4
3632,데이트,4,4
3633,"아니다,않다",4,4
3634,"새우다,철야,밤샘,밤새우다",4,4
3635,"훌륭하다,장하다,우수하다",4,4
3636,"교량,육교,다리",4,4
3637,추기경,4,4
3638,"오누이,남매",4,4
3639,통합 교육,4,4
3640,군,4,4
3641,"동물,짐승",4,4
3642,증인,4,4
3643,"경전,경장",4,4
3644,한약,4,4
3645,밤새다,4,4
3646,저울,4,4
3647,"계승자,계승인",4,4
3648,한편,4,4
3649,"죽다,돌아가다,사거,사망,서거,숨지다,죽음,임종",4,4
3650,백만,4,4
3651,총사령관,4,4
3652,"푸대접,홀대",4,4
3653,의태어,4,4
3654,이끌리다,4,4
3655,이전,4,4
3656,해병,4,4
3657,올케,4,4
3658,이삿짐,4,4
3659,증가,4,4
3660,탑,4,4
3661,이의,4,4
3662,장애인 직업 재활 시설,4,4
3663,뇌사,4,4
3664,"넘기다,(다음으로)넘어가다",4,4
3665,폐회,4,4
3666,필름,4,4
3667,안개,4,4
3668,군복,4,4
3669,주민,4,4
3670,폐백,4,4
3671,포병,4,4
3672,할까봐,4,4
3673,"현금,맞돈,현찰",4,4
3674,참외,4,4
3675,"살리다,소생,회생",4,4
3676,"얼굴,낯,안면",4,4
3677,"결정,정하다",4,4
3678,회사,4,4
3679,수비수,4,4
3680,발레,4,4
3681,"자손,후손",4,4
3682,"계단,층계",4,4
3683,사기꾼,4,4
3684,멀리하다,4,4
3685,부하,4,4
3686,감수,4,4
3687,통과,4,4
3688,"갱생,회복",4,4
3689,(죽은자)사자,4,4
3690,상장,4,4
3691,방,4,4
3692,"복잡하다,만원,혼잡,붐비다",4,4
3693,억제,4,4
3694,수병,4,4
3695,미장이,4,4
3696,"위성,인공위성",4,4
3697,오해,4,4
3698,외래어,4,4
3699,공수부대,4,4
3700,"정신차리다,가다듬다",4,4
3701,"이사,전출",4,4
3702,"팩스,팩시밀리",4,4
3703,"비리,부정",4,4
3704,"의병,의용군,의군",4,4
3705,일월 일일,4,4
3706,해군,4,4
3707,혈안,4,4
3708,코끼리,4,4
3709,기금,4,4
3710,공군,4,4
3711,실험(해보다),4,4
3712,"공,공로",4,4
3713,"군인,군사,병사,병정,장병",4,4
3714,국방,4,4
3715,"가산,가재",3,3
3716,불상,3,3
3717,청와대,3,3
3718,"방심,부주의",3,3
3719,낙타,3,3
3720,교환,3,3
3721,매제,3,3
3722,"뇌물,뇌물을 주다",3,3
3723,국군,3,3
3724,가마,3,3
3725,"매형,매부",3,3
3726,참다,3,3
3727,형수,3,3
3728,"경과,경위",3,3
3729,바지,3,3
3730,완쾌,3,3
3731,헌병,3,3
3732,동행,3,3
3733,"의용군,의병",3,3
3734,ㅞ,3,3
3735,"가족,식구,세대,가구",3,3
3736,수비군,3,3
3737,긁어모으다,3,3
3738,"게으름,게으르다,게으름을 피우다,나태,태만",2,2
3739,"띄다,뜨이다",2,2
3740,꼬박,2,2
3741,보험료,2,2
3742,"게으름뱅이,게으름쟁이",2,2
3743,장애인 복지 단체 협의회,2,2
3744,스키,2,2
3745,장애인 지역사회 재활 시설,2,2
3746,"갈비찜,갈비탕",2,2
